Device_id,Name,Type,Accelerator Core,Start Time(us),Duration(us),Wait Time(us),Block Num,Input Shapes,Output Shapes,mac_ratio,mte2_ratio
0,MatMulV2,AI_CORE,AI_CORE,1704161511420900.000,3945.038,315.603,24,"[[1,1024],[1024,4096]]","[[1,4096]]",0.72,0.38
0,FusedInferAttentionScore,AI_CORE,AI_CORE,1704161511424845.000,2662.945,213.036,24,"[[1,1024],[1024,4096]]","[[1,4096]]",0.72,0.38
0,RmsNorm,AI_VECTOR_CORE,AI_VECTOR_CORE,1704161511427508.000,214.254,17.140,24,"[[1,1024],[1024,4096]]","[[1,4096]]",0.05,0.3
0,MatMulV2,AI_CORE,AI_CORE,1704161511427782.250,4424.575,353.966,24,"[[1,1024],[1024,4096]]","[[1,4096]]",0.72,0.38
0,FusedInferAttentionScore,AI_CORE,AI_CORE,1704161511432206.750,2441.631,195.330,24,"[[1,1024],[1024,4096]]","[[1,4096]]",0.72,0.38
0,RmsNorm,AI_VECTOR_CORE,AI_VECTOR_CORE,1704161511434648.500,207.626,16.610,24,"[[1,1024],[1024,4096]]","[[1,4096]]",0.05,0.3
0,MatMulV2,AI_CORE,AI_CORE,1704161511434856.250,3921.619,313.730,24,"[[1,1024],[1024,4096]]","[[1,4096]]",0.72,0.38
0,FusedInferAttentionScore,AI_CORE,AI_CORE,1704161511438777.750,2546.697,203.736,24,"[[1,1024],[1024,4096]]","[[1,4096]]",0.72,0.38
0,RmsNorm,AI_VECTOR_CORE,AI_VECTOR_CORE,1704161511441324.500,234.388,18.751,24,"[[1,1024],[1024,4096]]","[[1,4096]]",0.05,0.3
0,MatMulV2,AI_CORE,AI_CORE,1704161511441559.000,3888.929,311.114,24,"[[1,1024],[1024,4096]]","[[1,4096]]",0.72,0.38
0,FusedInferAttentionScore,AI_CORE,AI_CORE,1704161511445448.000,2357.674,188.614,24,"[[1,1024],[1024,4096]]","[[1,4096]]",0.72,0.38
0,RmsNorm,AI_VECTOR_CORE,AI_VECTOR_CORE,1704161511447805.750,190.181,15.214,24,"[[1,1024],[1024,4096]]","[[1,4096]]",0.05,0.3
0,MatMulV2,AI_CORE,AI_CORE,1704161511447996.000,4148.845,331.908,24,"[[1,1024],[1024,4096]]","[[1,4096]]",0.72,0.38
0,FusedInferAttentionScore,AI_CORE,AI_CORE,1704161511452144.750,2436.145,194.892,24,"[[1,1024],[1024,4096]]","[[1,4096]]",0.72,0.38
0,RmsNorm,AI_VECTOR_CORE,AI_VECTOR_CORE,1704161511454581.000,233.360,18.669,24,"[[1,1024],[1024,4096]]","[[1,4096]]",0.05,0.3
0,MatMulV2,AI_CORE,AI_CORE,1704161511454814.250,3935.545,314.844,24,"[[1,1024],[1024,4096]]","[[1,4096]]",0.72,0.38
0,FusedInferAttentionScore,AI_CORE,AI_CORE,1704161511458749.750,2692.197,215.376,24,"[[1,1024],[1024,4096]]","[[1,4096]]",0.72,0.38
0,RmsNorm,AI_VECTOR_CORE,AI_VECTOR_CORE,1704161511461442.000,249.908,19.993,24,"[[1,1024],[1024,4096]]","[[1,4096]]",0.05,0.3
0,MatMulV2,AI_CORE,AI_CORE,1704161511461692.000,4329.379,346.350,24,"[[1,1024],[1024,4096]]","[[1,4096]]",0.72,0.38
0,FusedInferAttentionScore,AI_CORE,AI_CORE,1704161511466021.500,2653.716,212.297,24,"[[1,1024],[1024,4096]]","[[1,4096]]",0.72,0.38
0,RmsNorm,AI_VECTOR_CORE,AI_VECTOR_CORE,1704161511468675.250,248.340,19.867,24,"[[1,1024],[1024,4096]]","[[1,4096]]",0.05,0.3
0,MatMulV2,AI_CORE,AI_CORE,1704161511468923.500,4011.383,320.911,24,"[[1,1024],[1024,4096]]","[[1,4096]]",0.72,0.38
0,FusedInferAttentionScore,AI_CORE,AI_CORE,1704161511472935.000,2839.168,227.133,24,"[[1,1024],[1024,4096]]","[[1,4096]]",0.72,0.38
0,RmsNorm,AI_VECTOR_CORE,AI_VECTOR_CORE,1704161511475774.250,173.907,13.913,24,"[[1,1024],[1024,4096]]","[[1,4096]]",0.05,0.3
0,MatMulV2,AI_CORE,AI_CORE,1704161511475948.250,3996.132,319.691,24,"[[1,1024],[1024,4096]]","[[1,4096]]",0.72,0.38
0,FusedInferAttentionScore,AI_CORE,AI_CORE,1704161511479944.500,2724.473,217.958,24,"[[1,1024],[1024,4096]]","[[1,4096]]",0.72,0.38
0,RmsNorm,AI_VECTOR_CORE,AI_VECTOR_CORE,1704161511482669.000,172.415,13.793,24,"[[1,1024],[1024,4096]]","[[1,4096]]",0.05,0.3
0,MatMulV2,AI_CORE,AI_CORE,1704161511482841.500,4451.027,356.082,24,"[[1,1024],[1024,4096]]","[[1,4096]]",0.72,0.38
0,FusedInferAttentionScore,AI_CORE,AI_CORE,1704161511487292.500,2364.612,189.169,24,"[[1,1024],[1024,4096]]","[[1,4096]]",0.72,0.38
0,RmsNorm,AI_VECTOR_CORE,AI_VECTOR_CORE,1704161511489657.000,170.965,13.677,24,"[[1,1024],[1024,4096]]","[[1,4096]]",0.05,0.3
0,MatMulV2,AI_CORE,AI_CORE,1704161511489828.000,3800.153,304.012,24,"[[1,1024],[1024,4096]]","[[1,4096]]",0.72,0.38
0,FusedInferAttentionScore,AI_CORE,AI_CORE,1704161511493628.250,2380.576,190.446,24,"[[1,1024],[1024,4096]]","[[1,4096]]",0.72,0.38
0,RmsNorm,AI_VECTOR_CORE,AI_VECTOR_CORE,1704161511496008.750,183.940,14.715,24,"[[1,1024],[1024,4096]]","[[1,4096]]",0.05,0.3
0,MatMulV2,AI_CORE,AI_CORE,1704161511496192.750,3800.835,304.067,24,"[[1,1024],[1024,4096]]","[[1,4096]]",0.72,0.38
0,FusedInferAttentionScore,AI_CORE,AI_CORE,1704161511499993.500,2352.308,188.185,24,"[[1,1024],[1024,4096]]","[[1,4096]]",0.72,0.38
0,RmsNorm,AI_VECTOR_CORE,AI_VECTOR_CORE,1704161511502345.750,169.531,13.562,24,"[[1,1024],[1024,4096]]","[[1,4096]]",0.05,0.3
0,MatMulV2,AI_CORE,AI_CORE,1704161511502515.250,4331.016,346.481,24,"[[1,1024],[1024,4096]]","[[1,4096]]",0.72,0.38
0,FusedInferAttentionScore,AI_CORE,AI_CORE,1704161511506846.250,2468.227,197.458,24,"[[1,1024],[1024,4096]]","[[1,4096]]",0.72,0.38
0,RmsNorm,AI_VECTOR_CORE,AI_VECTOR_CORE,1704161511509314.500,215.140,17.211,24,"[[1,1024],[1024,4096]]","[[1,4096]]",0.05,0.3
0,MatMulV2,AI_CORE,AI_CORE,1704161511509529.750,4595.574,367.646,24,"[[1,1024],[1024,4096]]","[[1,4096]]",0.72,0.38
0,FusedInferAttentionScore,AI_CORE,AI_CORE,1704161511514125.250,2491.996,199.360,24,"[[1,1024],[1024,4096]]","[[1,4096]]",0.72,0.38
0,RmsNorm,AI_VECTOR_CORE,AI_VECTOR_CORE,1704161511516617.250,170.945,13.676,24,"[[1,1024],[1024,4096]]","[[1,4096]]",0.05,0.3
0,MatMulV2,AI_CORE,AI_CORE,1704161511516788.250,4149.715,331.977,24,"[[1,1024],[1024,4096]]","[[1,4096]]",0.72,0.38
0,FusedInferAttentionScore,AI_CORE,AI_CORE,1704161511520938.000,2637.129,210.970,24,"[[1,1024],[1024,4096]]","[[1,4096]]",0.72,0.38
0,RmsNorm,AI_VECTOR_CORE,AI_VECTOR_CORE,1704161511523575.250,223.963,17.917,24,"[[1,1024],[1024,4096]]","[[1,4096]]",0.05,0.3
0,MatMulV2,AI_CORE,AI_CORE,1704161511523799.250,4067.562,325.405,24,"[[1,1024],[1024,4096]]","[[1,4096]]",0.72,0.38
0,FusedInferAttentionScore,AI_CORE,AI_CORE,1704161511527866.750,2750.079,220.006,24,"[[1,1024],[1024,4096]]","[[1,4096]]",0.72,0.38
0,RmsNorm,AI_VECTOR_CORE,AI_VECTOR_CORE,1704161511530616.750,229.912,18.393,24,"[[1,1024],[1024,4096]]","[[1,4096]]",0.05,0.3
0,MatMulV2,AI_CORE,AI_CORE,1704161511530846.750,4594.055,367.524,24,"[[1,1024],[1024,4096]]","[[1,4096]]",0.72,0.38
0,FusedInferAttentionScore,AI_CORE,AI_CORE,1704161511535440.750,2572.433,205.795,24,"[[1,1024],[1024,4096]]","[[1,4096]]",0.72,0.38
0,RmsNorm,AI_VECTOR_CORE,AI_VECTOR_CORE,1704161511538013.250,177.181,14.174,24,"[[1,1024],[1024,4096]]","[[1,4096]]",0.05,0.3
0,MatMulV2,AI_CORE,AI_CORE,1704161511538190.500,4228.309,338.265,24,"[[1,1024],[1024,4096]]","[[1,4096]]",0.72,0.38
0,FusedInferAttentionScore,AI_CORE,AI_CORE,1704161511542418.750,2342.823,187.426,24,"[[1,1024],[1024,4096]]","[[1,4096]]",0.72,0.38
0,RmsNorm,AI_VECTOR_CORE,AI_VECTOR_CORE,1704161511544761.500,230.233,18.419,24,"[[1,1024],[1024,4096]]","[[1,4096]]",0.05,0.3
0,MatMulV2,AI_CORE,AI_CORE,1704161511544991.750,4556.537,364.523,24,"[[1,1024],[1024,4096]]","[[1,4096]]",0.72,0.38
0,FusedInferAttentionScore,AI_CORE,AI_CORE,1704161511549548.250,2609.198,208.736,24,"[[1,1024],[1024,4096]]","[[1,4096]]",0.72,0.38
0,RmsNorm,AI_VECTOR_CORE,AI_VECTOR_CORE,1704161511552157.500,248.739,19.899,24,"[[1,1024],[1024,4096]]","[[1,4096]]",0.05,0.3
0,MatMulV2,AI_CORE,AI_CORE,1704161511552406.250,4362.660,349.013,24,"[[1,1024],[1024,4096]]","[[1,4096]]",0.72,0.38
0,FusedInferAttentionScore,AI_CORE,AI_CORE,1704161511556769.000,2772.066,221.765,24,"[[1,1024],[1024,4096]]","[[1,4096]]",0.72,0.38
0,RmsNorm,AI_VECTOR_CORE,AI_VECTOR_CORE,1704161511559541.000,211.774,16.942,24,"[[1,1024],[1024,4096]]","[[1,4096]]",0.05,0.3
0,MatMulV2,AI_CORE,AI_CORE,1704161511559752.750,4554.754,364.380,24,"[[1,1024],[1024,4096]]","[[1,4096]]",0.72,0.38
0,FusedInferAttentionScore,AI_CORE,AI_CORE,1704161511564307.500,2689.341,215.147,24,"[[1,1024],[1024,4096]]","[[1,4096]]",0.72,0.38
0,RmsNorm,AI_VECTOR_CORE,AI_VECTOR_CORE,1704161511566996.750,225.361,18.029,24,"[[1,1024],[1024,4096]]","[[1,4096]]",0.05,0.3
0,MatMulV2,AI_CORE,AI_CORE,1704161511567222.000,4495.429,359.634,24,"[[1,1024],[1024,4096]]","[[1,4096]]",0.72,0.38
0,FusedInferAttentionScore,AI_CORE,AI_CORE,1704161511571717.500,2443.416,195.473,24,"[[1,1024],[1024,4096]]","[[1,4096]]",0.72,0.38
0,RmsNorm,AI_VECTOR_CORE,AI_VECTOR_CORE,1704161511574161.000,240.702,19.256,24,"[[1,1024],[1024,4096]]","[[1,4096]]",0.05,0.3
0,MatMulV2,AI_CORE,AI_CORE,1704161511574401.750,4134.282,330.743,24,"[[1,1024],[1024,4096]]","[[1,4096]]",0.72,0.38
0,FusedInferAttentionScore,AI_CORE,AI_CORE,1704161511578536.000,2781.088,222.487,24,"[[1,1024],[1024,4096]]","[[1,4096]]",0.72,0.38
0,RmsNorm,AI_VECTOR_CORE,AI_VECTOR_CORE,1704161511581317.000,219.397,17.552,24,"[[1,1024],[1024,4096]]","[[1,4096]]",0.05,0.3
0,MatMulV2,AI_CORE,AI_CORE,1704161511581536.500,3870.547,309.644,24,"[[1,1024],[1024,4096]]","[[1,4096]]",0.72,0.38
0,FusedInferAttentionScore,AI_CORE,AI_CORE,1704161511585407.000,2626.957,210.157,24,"[[1,1024],[1024,4096]]","[[1,4096]]",0.72,0.38
0,RmsNorm,AI_VECTOR_CORE,AI_VECTOR_CORE,1704161511588034.000,242.954,19.436,24,"[[1,1024],[1024,4096]]","[[1,4096]]",0.05,0.3
0,MatMulV2,AI_CORE,AI_CORE,1704161511588277.000,4364.065,349.125,24,"[[1,1024],[1024,4096]]","[[1,4096]]",0.72,0.38
0,FusedInferAttentionScore,AI_CORE,AI_CORE,1704161511592641.000,2680.930,214.474,24,"[[1,1024],[1024,4096]]","[[1,4096]]",0.72,0.38
0,RmsNorm,AI_VECTOR_CORE,AI_VECTOR_CORE,1704161511595322.000,168.927,13.514,24,"[[1,1024],[1024,4096]]","[[1,4096]]",0.05,0.3
0,MatMulV2,AI_CORE,AI_CORE,1704161511595491.000,4522.697,361.816,24,"[[1,1024],[1024,4096]]","[[1,4096]]",0.72,0.38
0,FusedInferAttentionScore,AI_CORE,AI_CORE,1704161511600013.750,2400.451,192.036,24,"[[1,1024],[1024,4096]]","[[1,4096]]",0.72,0.38
0,RmsNorm,AI_VECTOR_CORE,AI_VECTOR_CORE,1704161511602414.250,220.966,17.677,24,"[[1,1024],[1024,4096]]","[[1,4096]]",0.05,0.3
0,MatMulV2,AI_CORE,AI_CORE,1704161511602635.250,4504.311,360.345,24,"[[1,1024],[1024,4096]]","[[1,4096]]",0.72,0.38
0,FusedInferAttentionScore,AI_CORE,AI_CORE,1704161511607139.500,2758.077,220.646,24,"[[1,1024],[1024,4096]]","[[1,4096]]",0.72,0.38
0,RmsNorm,AI_VECTOR_CORE,AI_VECTOR_CORE,1704161511609897.500,225.114,18.009,24,"[[1,1024],[1024,4096]]","[[1,4096]]",0.05,0.3
0,MatMulV2,AI_CORE,AI_CORE,1704161511610122.500,3981.460,318.517,24,"[[1,1024],[1024,4096]]","[[1,4096]]",0.72,0.38
0,FusedInferAttentionScore,AI_CORE,AI_CORE,1704161511614104.000,2855.040,228.403,24,"[[1,1024],[1024,4096]]","[[1,4096]]",0.72,0.38
0,RmsNorm,AI_VECTOR_CORE,AI_VECTOR_CORE,1704161511616959.000,181.651,14.532,24,"[[1,1024],[1024,4096]]","[[1,4096]]",0.05,0.3
0,MatMulV2,AI_CORE,AI_CORE,1704161511617140.750,4606.882,368.551,24,"[[1,1024],[1024,4096]]","[[1,4096]]",0.72,0.38
0,FusedInferAttentionScore,AI_CORE,AI_CORE,1704161511621747.750,2521.406,201.712,24,"[[1,1024],[1024,4096]]","[[1,4096]]",0.72,0.38
0,RmsNorm,AI_VECTOR_CORE,AI_VECTOR_CORE,1704161511624269.250,178.803,14.304,24,"[[1,1024],[1024,4096]]","[[1,4096]]",0.05,0.3
0,MatMulV2,AI_CORE,AI_CORE,1704161511624448.000,3987.949,319.036,24,"[[1,1024],[1024,4096]]","[[1,4096]]",0.72,0.38
0,FusedInferAttentionScore,AI_CORE,AI_CORE,1704161511628436.000,2363.454,189.076,24,"[[1,1024],[1024,4096]]","[[1,4096]]",0.72,0.38
0,RmsNorm,AI_VECTOR_CORE,AI_VECTOR_CORE,1704161511630799.500,195.625,15.650,24,"[[1,1024],[1024,4096]]","[[1,4096]]",0.05,0.3
0,MatMulV2,AI_CORE,AI_CORE,1704161511630995.000,3968.181,317.454,24,"[[1,1024],[1024,4096]]","[[1,4096]]",0.72,0.38
0,FusedInferAttentionScore,AI_CORE,AI_CORE,1704161511634963.250,2728.920,218.314,24,"[[1,1024],[1024,4096]]","[[1,4096]]",0.72,0.38
0,RmsNorm,AI_VECTOR_CORE,AI_VECTOR_CORE,1704161511637692.250,194.373,15.550,24,"[[1,1024],[1024,4096]]","[[1,4096]]",0.05,0.3
0,MatMulV2,AI_CORE,AI_CORE,1704161511637886.500,4143.956,331.516,24,"[[1,1024],[1024,4096]]","[[1,4096]]",0.72,0.38
0,FusedInferAttentionScore,AI_CORE,AI_CORE,1704161511642030.500,2670.706,213.656,24,"[[1,1024],[1024,4096]]","[[1,4096]]",0.72,0.38
0,RmsNorm,AI_VECTOR_CORE,AI_VECTOR_CORE,1704161511644701.250,251.680,20.134,24,"[[1,1024],[1024,4096]]","[[1,4096]]",0.05,0.3
0,MatMulV2,AI_CORE,AI_CORE,1704161511646053.000,4463.677,357.094,24,"[[1,1024],[1024,4096]]","[[1,4096]]",0.72,0.38
0,FusedInferAttentionScore,AI_CORE,AI_CORE,1704161511650516.750,2772.303,221.784,24,"[[1,1024],[1024,4096]]","[[1,4096]]",0.72,0.38
0,RmsNorm,AI_VECTOR_CORE,AI_VECTOR_CORE,1704161511653289.000,212.672,17.014,24,"[[1,1024],[1024,4096]]","[[1,4096]]",0.05,0.3
0,MatMulV2,AI_CORE,AI_CORE,1704161511653561.750,4077.805,326.224,24,"[[1,1024],[1024,4096]]","[[1,4096]]",0.72,0.38
0,FusedInferAttentionScore,AI_CORE,AI_CORE,1704161511657639.500,2696.596,215.728,24,"[[1,1024],[1024,4096]]","[[1,4096]]",0.72,0.38
0,RmsNorm,AI_VECTOR_CORE,AI_VECTOR_CORE,1704161511660336.000,227.195,18.176,24,"[[1,1024],[1024,4096]]","[[1,4096]]",0.05,0.3
0,MatMulV2,AI_CORE,AI_CORE,1704161511660563.250,4397.264,351.781,24,"[[1,1024],[1024,4096]]","[[1,4096]]",0.72,0.38
0,FusedInferAttentionScore,AI_CORE,AI_CORE,1704161511664960.500,2572.757,205.821,24,"[[1,1024],[1024,4096]]","[[1,4096]]",0.72,0.38
0,RmsNorm,AI_VECTOR_CORE,AI_VECTOR_CORE,1704161511667533.250,228.919,18.314,24,"[[1,1024],[1024,4096]]","[[1,4096]]",0.05,0.3
0,MatMulV2,AI_CORE,AI_CORE,1704161511667762.250,4441.548,355.324,24,"[[1,1024],[1024,4096]]","[[1,4096]]",0.72,0.38
0,FusedInferAttentionScore,AI_CORE,AI_CORE,1704161511672203.750,2596.138,207.691,24,"[[1,1024],[1024,4096]]","[[1,4096]]",0.72,0.38
0,RmsNorm,AI_VECTOR_CORE,AI_VECTOR_CORE,1704161511674800.000,226.124,18.090,24,"[[1,1024],[1024,4096]]","[[1,4096]]",0.05,0.3
0,MatMulV2,AI_CORE,AI_CORE,1704161511675026.000,4144.138,331.531,24,"[[1,1024],[1024,4096]]","[[1,4096]]",0.72,0.38
0,FusedInferAttentionScore,AI_CORE,AI_CORE,1704161511679170.250,2585.544,206.844,24,"[[1,1024],[1024,4096]]","[[1,4096]]",0.72,0.38
0,RmsNorm,AI_VECTOR_CORE,AI_VECTOR_CORE,1704161511681755.750,251.234,20.099,24,"[[1,1024],[1024,4096]]","[[1,4096]]",0.05,0.3
0,MatMulV2,AI_CORE,AI_CORE,1704161511682007.000,3921.474,313.718,24,"[[1,1024],[1024,4096]]","[[1,4096]]",0.72,0.38
0,FusedInferAttentionScore,AI_CORE,AI_CORE,1704161511685928.500,2853.274,228.262,24,"[[1,1024],[1024,4096]]","[[1,4096]]",0.72,0.38
0,RmsNorm,AI_VECTOR_CORE,AI_VECTOR_CORE,1704161511688781.750,211.283,16.903,24,"[[1,1024],[1024,4096]]","[[1,4096]]",0.05,0.3
0,MatMulV2,AI_CORE,AI_CORE,1704161511688993.000,4321.508,345.721,24,"[[1,1024],[1024,4096]]","[[1,4096]]",0.72,0.38
0,FusedInferAttentionScore,AI_CORE,AI_CORE,1704161511693314.500,2855.509,228.441,24,"[[1,1024],[1024,4096]]","[[1,4096]]",0.72,0.38
0,RmsNorm,AI_VECTOR_CORE,AI_VECTOR_CORE,1704161511696170.000,243.111,19.449,24,"[[1,1024],[1024,4096]]","[[1,4096]]",0.05,0.3
0,MatMulV2,AI_CORE,AI_CORE,1704161511696413.000,4399.944,351.996,24,"[[1,1024],[1024,4096]]","[[1,4096]]",0.72,0.38
0,FusedInferAttentionScore,AI_CORE,AI_CORE,1704161511700813.000,2343.689,187.495,24,"[[1,1024],[1024,4096]]","[[1,4096]]",0.72,0.38
0,RmsNorm,AI_VECTOR_CORE,AI_VECTOR_CORE,1704161511703156.750,230.621,18.450,24,"[[1,1024],[1024,4096]]","[[1,4096]]",0.05,0.3
0,MatMulV2,AI_CORE,AI_CORE,1704161511703387.250,4402.301,352.184,24,"[[1,1024],[1024,4096]]","[[1,4096]]",0.72,0.38
0,FusedInferAttentionScore,AI_CORE,AI_CORE,1704161511707789.500,2587.477,206.998,24,"[[1,1024],[1024,4096]]","[[1,4096]]",0.72,0.38
0,RmsNorm,AI_VECTOR_CORE,AI_VECTOR_CORE,1704161511710377.000,186.385,14.911,24,"[[1,1024],[1024,4096]]","[[1,4096]]",0.05,0.3
0,MatMulV2,AI_CORE,AI_CORE,1704161511710563.500,4259.920,340.794,24,"[[1,1024],[1024,4096]]","[[1,4096]]",0.72,0.38
0,FusedInferAttentionScore,AI_CORE,AI_CORE,1704161511714823.500,2769.964,221.597,24,"[[1,1024],[1024,4096]]","[[1,4096]]",0.72,0.38
0,RmsNorm,AI_VECTOR_CORE,AI_VECTOR_CORE,1704161511717593.500,196.945,15.756,24,"[[1,1024],[1024,4096]]","[[1,4096]]",0.05,0.3
0,MatMulV2,AI_CORE,AI_CORE,1704161511717790.500,3898.046,311.844,24,"[[1,1024],[1024,4096]]","[[1,4096]]",0.72,0.38
0,FusedInferAttentionScore,AI_CORE,AI_CORE,1704161511721688.500,2385.711,190.857,24,"[[1,1024],[1024,4096]]","[[1,4096]]",0.72,0.38
0,RmsNorm,AI_VECTOR_CORE,AI_VECTOR_CORE,1704161511724074.250,248.081,19.846,24,"[[1,1024],[1024,4096]]","[[1,4096]]",0.05,0.3
0,MatMulV2,AI_CORE,AI_CORE,1704161511724322.250,4004.100,320.328,24,"[[1,1024],[1024,4096]]","[[1,4096]]",0.72,0.38
0,FusedInferAttentionScore,AI_CORE,AI_CORE,1704161511728326.250,2402.280,192.182,24,"[[1,1024],[1024,4096]]","[[1,4096]]",0.72,0.38
0,RmsNorm,AI_VECTOR_CORE,AI_VECTOR_CORE,1704161511730728.500,183.398,14.672,24,"[[1,1024],[1024,4096]]","[[1,4096]]",0.05,0.3
0,MatMulV2,AI_CORE,AI_CORE,1704161511730912.000,4434.272,354.742,24,"[[1,1024],[1024,4096]]","[[1,4096]]",0.72,0.38
0,FusedInferAttentionScore,AI_CORE,AI_CORE,1704161511735346.250,2755.861,220.469,24,"[[1,1024],[1024,4096]]","[[1,4096]]",0.72,0.38
0,RmsNorm,AI_VECTOR_CORE,AI_VECTOR_CORE,1704161511738102.000,238.515,19.081,24,"[[1,1024],[1024,4096]]","[[1,4096]]",0.05,0.3
0,MatMulV2,AI_CORE,AI_CORE,1704161511738340.500,4366.564,349.325,24,"[[1,1024],[1024,4096]]","[[1,4096]]",0.72,0.38
0,FusedInferAttentionScore,AI_CORE,AI_CORE,1704161511742707.000,2721.623,217.730,24,"[[1,1024],[1024,4096]]","[[1,4096]]",0.72,0.38
0,RmsNorm,AI_VECTOR_CORE,AI_VECTOR_CORE,1704161511745428.500,178.185,14.255,24,"[[1,1024],[1024,4096]]","[[1,4096]]",0.05,0.3
0,MatMulV2,AI_CORE,AI_CORE,1704161511745606.750,4318.394,345.472,24,"[[1,1024],[1024,4096]]","[[1,4096]]",0.72,0.38
0,FusedInferAttentionScore,AI_CORE,AI_CORE,1704161511749925.250,2509.422,200.754,24,"[[1,1024],[1024,4096]]","[[1,4096]]",0.72,0.38
0,RmsNorm,AI_VECTOR_CORE,AI_VECTOR_CORE,1704161511752434.750,208.649,16.692,24,"[[1,1024],[1024,4096]]","[[1,4096]]",0.05,0.3
0,MatMulV2,AI_CORE,AI_CORE,1704161511752643.500,4476.909,358.153,24,"[[1,1024],[1024,4096]]","[[1,4096]]",0.72,0.38
0,FusedInferAttentionScore,AI_CORE,AI_CORE,1704161511757120.500,2485.483,198.839,24,"[[1,1024],[1024,4096]]","[[1,4096]]",0.72,0.38
0,RmsNorm,AI_VECTOR_CORE,AI_VECTOR_CORE,1704161511759606.000,222.547,17.804,24,"[[1,1024],[1024,4096]]","[[1,4096]]",0.05,0.3
0,MatMulV2,AI_CORE,AI_CORE,1704161511759828.500,4080.105,326.408,24,"[[1,1024],[1024,4096]]","[[1,4096]]",0.72,0.38
0,FusedInferAttentionScore,AI_CORE,AI_CORE,1704161511763908.500,2790.682,223.255,24,"[[1,1024],[1024,4096]]","[[1,4096]]",0.72,0.38
0,RmsNorm,AI_VECTOR_CORE,AI_VECTOR_CORE,1704161511766699.250,170.688,13.655,24,"[[1,1024],[1024,4096]]","[[1,4096]]",0.05,0.3
0,MatMulV2,AI_CORE,AI_CORE,1704161511766870.000,4276.897,342.152,24,"[[1,1024],[1024,4096]]","[[1,4096]]",0.72,0.38
0,FusedInferAttentionScore,AI_CORE,AI_CORE,1704161511771147.000,2616.060,209.285,24,"[[1,1024],[1024,4096]]","[[1,4096]]",0.72,0.38
0,RmsNorm,AI_VECTOR_CORE,AI_VECTOR_CORE,1704161511773763.000,175.993,14.079,24,"[[1,1024],[1024,4096]]","[[1,4096]]",0.05,0.3
0,MatMulV2,AI_CORE,AI_CORE,1704161511773939.000,4504.265,360.341,24,"[[1,1024],[1024,4096]]","[[1,4096]]",0.72,0.38
0,FusedInferAttentionScore,AI_CORE,AI_CORE,1704161511778443.250,2686.179,214.894,24,"[[1,1024],[1024,4096]]","[[1,4096]]",0.72,0.38
0,RmsNorm,AI_VECTOR_CORE,AI_VECTOR_CORE,1704161511781129.500,201.935,16.155,24,"[[1,1024],[1024,4096]]","[[1,4096]]",0.05,0.3
0,MatMulV2,AI_CORE,AI_CORE,1704161511781331.500,4469.586,357.567,24,"[[1,1024],[1024,4096]]","[[1,4096]]",0.72,0.38
0,FusedInferAttentionScore,AI_CORE,AI_CORE,1704161511785801.000,2670.967,213.677,24,"[[1,1024],[1024,4096]]","[[1,4096]]",0.72,0.38
0,RmsNorm,AI_VECTOR_CORE,AI_VECTOR_CORE,1704161511788472.000,200.771,16.062,24,"[[1,1024],[1024,4096]]","[[1,4096]]",0.05,0.3
0,MatMulV2,AI_CORE,AI_CORE,1704161511788672.750,3876.295,310.104,24,"[[1,1024],[1024,4096]]","[[1,4096]]",0.72,0.38
0,FusedInferAttentionScore,AI_CORE,AI_CORE,1704161511792549.000,2536.653,202.932,24,"[[1,1024],[1024,4096]]","[[1,4096]]",0.72,0.38
0,RmsNorm,AI_VECTOR_CORE,AI_VECTOR_CORE,1704161511795085.750,175.893,14.071,24,"[[1,1024],[1024,4096]]","[[1,4096]]",0.05,0.3
0,MatMulV2,AI_CORE,AI_CORE,1704161511795261.750,4000.980,320.078,24,"[[1,1024],[1024,4096]]","[[1,4096]]",0.72,0.38
0,FusedInferAttentionScore,AI_CORE,AI_CORE,1704161511799262.750,2416.434,193.315,24,"[[1,1024],[1024,4096]]","[[1,4096]]",0.72,0.38
0,RmsNorm,AI_VECTOR_CORE,AI_VECTOR_CORE,1704161511801679.250,201.599,16.128,24,"[[1,1024],[1024,4096]]","[[1,4096]]",0.05,0.3
0,MatMulV2,AI_CORE,AI_CORE,1704161511801880.750,4520.064,361.605,24,"[[1,1024],[1024,4096]]","[[1,4096]]",0.72,0.38
0,FusedInferAttentionScore,AI_CORE,AI_CORE,1704161511806400.750,2471.496,197.720,24,"[[1,1024],[1024,4096]]","[[1,4096]]",0.72,0.38
0,RmsNorm,AI_VECTOR_CORE,AI_VECTOR_CORE,1704161511808872.250,212.612,17.009,24,"[[1,1024],[1024,4096]]","[[1,4096]]",0.05,0.3
0,MatMulV2,AI_CORE,AI_CORE,1704161511809084.750,4314.165,345.133,24,"[[1,1024],[1024,4096]]","[[1,4096]]",0.72,0.38
0,FusedInferAttentionScore,AI_CORE,AI_CORE,1704161511813399.000,2783.007,222.641,24,"[[1,1024],[1024,4096]]","[[1,4096]]",0.72,0.38
0,RmsNorm,AI_VECTOR_CORE,AI_VECTOR_CORE,1704161511816182.000,236.638,18.931,24,"[[1,1024],[1024,4096]]","[[1,4096]]",0.05,0.3
0,MatMulV2,AI_CORE,AI_CORE,1704161511816418.750,4268.285,341.463,24,"[[1,1024],[1024,4096]]","[[1,4096]]",0.72,0.38
0,FusedInferAttentionScore,AI_CORE,AI_CORE,1704161511820687.000,2405.712,192.457,24,"[[1,1024],[1024,4096]]","[[1,4096]]",0.72,0.38
0,RmsNorm,AI_VECTOR_CORE,AI_VECTOR_CORE,1704161511823092.750,168.296,13.464,24,"[[1,1024],[1024,4096]]","[[1,4096]]",0.05,0.3
0,MatMulV2,AI_CORE,AI_CORE,1704161511823261.000,4415.947,353.276,24,"[[1,1024],[1024,4096]]","[[1,4096]]",0.72,0.38
0,FusedInferAttentionScore,AI_CORE,AI_CORE,1704161511827677.000,2563.756,205.101,24,"[[1,1024],[1024,4096]]","[[1,4096]]",0.72,0.38
0,RmsNorm,AI_VECTOR_CORE,AI_VECTOR_CORE,1704161511830240.750,219.721,17.578,24,"[[1,1024],[1024,4096]]","[[1,4096]]",0.05,0.3
0,MatMulV2,AI_CORE,AI_CORE,1704161511830460.500,3945.397,315.632,24,"[[1,1024],[1024,4096]]","[[1,4096]]",0.72,0.38
0,FusedInferAttentionScore,AI_CORE,AI_CORE,1704161511834406.000,2459.362,196.749,24,"[[1,1024],[1024,4096]]","[[1,4096]]",0.72,0.38
0,RmsNorm,AI_VECTOR_CORE,AI_VECTOR_CORE,1704161511836865.250,180.152,14.412,24,"[[1,1024],[1024,4096]]","[[1,4096]]",0.05,0.3
0,MatMulV2,AI_CORE,AI_CORE,1704161511837045.500,4396.000,351.680,24,"[[1,1024],[1024,4096]]","[[1,4096]]",0.72,0.38
0,FusedInferAttentionScore,AI_CORE,AI_CORE,1704161511841441.500,2814.977,225.198,24,"[[1,1024],[1024,4096]]","[[1,4096]]",0.72,0.38
0,RmsNorm,AI_VECTOR_CORE,AI_VECTOR_CORE,1704161511844256.500,173.828,13.906,24,"[[1,1024],[1024,4096]]","[[1,4096]]",0.05,0.3
0,MatMulV2,AI_CORE,AI_CORE,1704161511844430.250,3982.963,318.637,24,"[[1,1024],[1024,4096]]","[[1,4096]]",0.72,0.38
0,FusedInferAttentionScore,AI_CORE,AI_CORE,1704161511848413.250,2759.525,220.762,24,"[[1,1024],[1024,4096]]","[[1,4096]]",0.72,0.38
0,RmsNorm,AI_VECTOR_CORE,AI_VECTOR_CORE,1704161511851172.750,250.490,20.039,24,"[[1,1024],[1024,4096]]","[[1,4096]]",0.05,0.3
0,MatMulV2,AI_CORE,AI_CORE,1704161511851423.250,3958.499,316.680,24,"[[1,1024],[1024,4096]]","[[1,4096]]",0.72,0.38
0,FusedInferAttentionScore,AI_CORE,AI_CORE,1704161511855381.750,2839.391,227.151,24,"[[1,1024],[1024,4096]]","[[1,4096]]",0.72,0.38
0,RmsNorm,AI_VECTOR_CORE,AI_VECTOR_CORE,1704161511858221.250,195.814,15.665,24,"[[1,1024],[1024,4096]]","[[1,4096]]",0.05,0.3
0,MatMulV2,AI_CORE,AI_CORE,1704161511858417.000,4447.559,355.805,24,"[[1,1024],[1024,4096]]","[[1,4096]]",0.72,0.38
0,FusedInferAttentionScore,AI_CORE,AI_CORE,1704161511862864.500,2624.744,209.980,24,"[[1,1024],[1024,4096]]","[[1,4096]]",0.72,0.38
0,RmsNorm,AI_VECTOR_CORE,AI_VECTOR_CORE,1704161511865489.250,214.078,17.126,24,"[[1,1024],[1024,4096]]","[[1,4096]]",0.05,0.3
0,MatMulV2,AI_CORE,AI_CORE,1704161511865703.250,4366.266,349.301,24,"[[1,1024],[1024,4096]]","[[1,4096]]",0.72,0.38
0,FusedInferAttentionScore,AI_CORE,AI_CORE,1704161511870069.500,2831.852,226.548,24,"[[1,1024],[1024,4096]]","[[1,4096]]",0.72,0.38
0,RmsNorm,AI_VECTOR_CORE,AI_VECTOR_CORE,1704161511872901.250,216.384,17.311,24,"[[1,1024],[1024,4096]]","[[1,4096]]",0.05,0.3
0,MatMulV2,AI_CORE,AI_CORE,1704161511874217.750,4505.438,360.435,24,"[[1,1024],[1024,4096]]","[[1,4096]]",0.72,0.38
0,FusedInferAttentionScore,AI_CORE,AI_CORE,1704161511878723.250,2831.010,226.481,24,"[[1,1024],[1024,4096]]","[[1,4096]]",0.72,0.38
0,RmsNorm,AI_VECTOR_CORE,AI_VECTOR_CORE,1704161511881554.250,214.999,17.200,24,"[[1,1024],[1024,4096]]","[[1,4096]]",0.05,0.3
0,MatMulV2,AI_CORE,AI_CORE,1704161511881829.250,4262.054,340.964,24,"[[1,1024],[1024,4096]]","[[1,4096]]",0.72,0.38
0,FusedInferAttentionScore,AI_CORE,AI_CORE,1704161511886091.250,2444.894,195.592,24,"[[1,1024],[1024,4096]]","[[1,4096]]",0.72,0.38
0,RmsNorm,AI_VECTOR_CORE,AI_VECTOR_CORE,1704161511888536.250,172.665,13.813,24,"[[1,1024],[1024,4096]]","[[1,4096]]",0.05,0.3
0,MatMulV2,AI_CORE,AI_CORE,1704161511888709.000,4353.821,348.306,24,"[[1,1024],[1024,4096]]","[[1,4096]]",0.72,0.38
0,FusedInferAttentionScore,AI_CORE,AI_CORE,1704161511893062.750,2791.445,223.316,24,"[[1,1024],[1024,4096]]","[[1,4096]]",0.72,0.38
0,RmsNorm,AI_VECTOR_CORE,AI_VECTOR_CORE,1704161511895854.250,227.854,18.228,24,"[[1,1024],[1024,4096]]","[[1,4096]]",0.05,0.3
0,MatMulV2,AI_CORE,AI_CORE,1704161511896082.000,4279.018,342.321,24,"[[1,1024],[1024,4096]]","[[1,4096]]",0.72,0.38
0,FusedInferAttentionScore,AI_CORE,AI_CORE,1704161511900361.000,2717.301,217.384,24,"[[1,1024],[1024,4096]]","[[1,4096]]",0.72,0.38
0,RmsNorm,AI_VECTOR_CORE,AI_VECTOR_CORE,1704161511903078.250,219.811,17.585,24,"[[1,1024],[1024,4096]]","[[1,4096]]",0.05,0.3
0,MatMulV2,AI_CORE,AI_CORE,1704161511903298.000,4518.954,361.516,24,"[[1,1024],[1024,4096]]","[[1,4096]]",0.72,0.38
0,FusedInferAttentionScore,AI_CORE,AI_CORE,1704161511907817.000,2487.281,198.983,24,"[[1,1024],[1024,4096]]","[[1,4096]]",0.72,0.38
0,RmsNorm,AI_VECTOR_CORE,AI_VECTOR_CORE,1704161511910304.250,250.889,20.071,24,"[[1,1024],[1024,4096]]","[[1,4096]]",0.05,0.3
0,MatMulV2,AI_CORE,AI_CORE,1704161511910555.250,4227.407,338.193,24,"[[1,1024],[1024,4096]]","[[1,4096]]",0.72,0.38
0,FusedInferAttentionScore,AI_CORE,AI_CORE,1704161511914782.750,2593.594,207.488,24,"[[1,1024],[1024,4096]]","[[1,4096]]",0.72,0.38
0,RmsNorm,AI_VECTOR_CORE,AI_VECTOR_CORE,1704161511917376.250,209.765,16.781,24,"[[1,1024],[1024,4096]]","[[1,4096]]",0.05,0.3
0,MatMulV2,AI_CORE,AI_CORE,1704161511917586.000,4128.224,330.258,24,"[[1,1024],[1024,4096]]","[[1,4096]]",0.72,0.38
0,FusedInferAttentionScore,AI_CORE,AI_CORE,1704161511921714.250,2618.372,209.470,24,"[[1,1024],[1024,4096]]","[[1,4096]]",0.72,0.38
0,RmsNorm,AI_VECTOR_CORE,AI_VECTOR_CORE,1704161511924332.500,204.637,16.371,24,"[[1,1024],[1024,4096]]","[[1,4096]]",0.05,0.3
0,MatMulV2,AI_CORE,AI_CORE,1704161511924537.250,4186.709,334.937,24,"[[1,1024],[1024,4096]]","[[1,4096]]",0.72,0.38
0,FusedInferAttentionScore,AI_CORE,AI_CORE,1704161511928724.000,2497.646,199.812,24,"[[1,1024],[1024,4096]]","[[1,4096]]",0.72,0.38
0,RmsNorm,AI_VECTOR_CORE,AI_VECTOR_CORE,1704161511931221.750,201.441,16.115,24,"[[1,1024],[1024,4096]]","[[1,4096]]",0.05,0.3
0,MatMulV2,AI_CORE,AI_CORE,1704161511931423.250,4310.428,344.834,24,"[[1,1024],[1024,4096]]","[[1,4096]]",0.72,0.38
0,FusedInferAttentionScore,AI_CORE,AI_CORE,1704161511935733.750,2424.896,193.992,24,"[[1,1024],[1024,4096]]","[[1,4096]]",0.72,0.38
0,RmsNorm,AI_VECTOR_CORE,AI_VECTOR_CORE,1704161511938158.750,207.188,16.575,24,"[[1,1024],[1024,4096]]","[[1,4096]]",0.05,0.3
0,MatMulV2,AI_CORE,AI_CORE,1704161511938366.000,3945.048,315.604,24,"[[1,1024],[1024,4096]]","[[1,4096]]",0.72,0.38
0,FusedInferAttentionScore,AI_CORE,AI_CORE,1704161511942311.000,2442.289,195.383,24,"[[1,1024],[1024,4096]]","[[1,4096]]",0.72,0.38
0,RmsNorm,AI_VECTOR_CORE,AI_VECTOR_CORE,1704161511944753.250,175.437,14.035,24,"[[1,1024],[1024,4096]]","[[1,4096]]",0.05,0.3
0,MatMulV2,AI_CORE,AI_CORE,1704161511944928.750,4200.848,336.068,24,"[[1,1024],[1024,4096]]","[[1,4096]]",0.72,0.38
0,FusedInferAttentionScore,AI_CORE,AI_CORE,1704161511949129.500,2377.747,190.220,24,"[[1,1024],[1024,4096]]","[[1,4096]]",0.72,0.38
0,RmsNorm,AI_VECTOR_CORE,AI_VECTOR_CORE,1704161511951507.250,176.009,14.081,24,"[[1,1024],[1024,4096]]","[[1,4096]]",0.05,0.3
0,MatMulV2,AI_CORE,AI_CORE,1704161511951683.250,4595.511,367.641,24,"[[1,1024],[1024,4096]]","[[1,4096]]",0.72,0.38
0,FusedInferAttentionScore,AI_CORE,AI_CORE,1704161511956278.750,2395.952,191.676,24,"[[1,1024],[1024,4096]]","[[1,4096]]",0.72,0.38
0,RmsNorm,AI_VECTOR_CORE,AI_VECTOR_CORE,1704161511958674.750,215.980,17.278,24,"[[1,1024],[1024,4096]]","[[1,4096]]",0.05,0.3
0,MatMulV2,AI_CORE,AI_CORE,1704161511958890.750,4348.834,347.907,24,"[[1,1024],[1024,4096]]","[[1,4096]]",0.72,0.38
0,FusedInferAttentionScore,AI_CORE,AI_CORE,1704161511963239.500,2481.425,198.514,24,"[[1,1024],[1024,4096]]","[[1,4096]]",0.72,0.38
0,RmsNorm,AI_VECTOR_CORE,AI_VECTOR_CORE,1704161511965721.000,212.016,16.961,24,"[[1,1024],[1024,4096]]","[[1,4096]]",0.05,0.3
0,MatMulV2,AI_CORE,AI_CORE,1704161511965933.000,4094.977,327.598,24,"[[1,1024],[1024,4096]]","[[1,4096]]",0.72,0.38
0,FusedInferAttentionScore,AI_CORE,AI_CORE,1704161511970028.000,2421.802,193.744,24,"[[1,1024],[1024,4096]]","[[1,4096]]",0.72,0.38
0,RmsNorm,AI_VECTOR_CORE,AI_VECTOR_CORE,1704161511972449.750,215.127,17.210,24,"[[1,1024],[1024,4096]]","[[1,4096]]",0.05,0.3
0,MatMulV2,AI_CORE,AI_CORE,1704161511972665.000,4087.876,327.030,24,"[[1,1024],[1024,4096]]","[[1,4096]]",0.72,0.38
0,FusedInferAttentionScore,AI_CORE,AI_CORE,1704161511976753.000,2429.426,194.354,24,"[[1,1024],[1024,4096]]","[[1,4096]]",0.72,0.38
0,RmsNorm,AI_VECTOR_CORE,AI_VECTOR_CORE,1704161511979182.500,169.889,13.591,24,"[[1,1024],[1024,4096]]","[[1,4096]]",0.05,0.3
0,MatMulV2,AI_CORE,AI_CORE,1704161511979352.500,4425.445,354.036,24,"[[1,1024],[1024,4096]]","[[1,4096]]",0.72,0.38
0,FusedInferAttentionScore,AI_CORE,AI_CORE,1704161511983778.000,2589.388,207.151,24,"[[1,1024],[1024,4096]]","[[1,4096]]",0.72,0.38
0,RmsNorm,AI_VECTOR_CORE,AI_VECTOR_CORE,1704161511986367.500,191.204,15.296,24,"[[1,1024],[1024,4096]]","[[1,4096]]",0.05,0.3
0,MatMulV2,AI_CORE,AI_CORE,1704161511986558.750,3788.188,303.055,24,"[[1,1024],[1024,4096]]","[[1,4096]]",0.72,0.38
0,FusedInferAttentionScore,AI_CORE,AI_CORE,1704161511990347.000,2572.135,205.771,24,"[[1,1024],[1024,4096]]","[[1,4096]]",0.72,0.38
0,RmsNorm,AI_VECTOR_CORE,AI_VECTOR_CORE,1704161511992919.250,178.651,14.292,24,"[[1,1024],[1024,4096]]","[[1,4096]]",0.05,0.3
0,MatMulV2,AI_CORE,AI_CORE,1704161511993098.000,4317.859,345.429,24,"[[1,1024],[1024,4096]]","[[1,4096]]",0.72,0.38
0,FusedInferAttentionScore,AI_CORE,AI_CORE,1704161511997415.750,2658.777,212.702,24,"[[1,1024],[1024,4096]]","[[1,4096]]",0.72,0.38
0,RmsNorm,AI_VECTOR_CORE,AI_VECTOR_CORE,1704161512000074.500,213.506,17.080,24,"[[1,1024],[1024,4096]]","[[1,4096]]",0.05,0.3
0,MatMulV2,AI_CORE,AI_CORE,1704161512000288.000,4431.779,354.542,24,"[[1,1024],[1024,4096]]","[[1,4096]]",0.72,0.38
0,FusedInferAttentionScore,AI_CORE,AI_CORE,1704161512004719.750,2577.213,206.177,24,"[[1,1024],[1024,4096]]","[[1,4096]]",0.72,0.38
0,RmsNorm,AI_VECTOR_CORE,AI_VECTOR_CORE,1704161512007297.000,180.479,14.438,24,"[[1,1024],[1024,4096]]","[[1,4096]]",0.05,0.3
0,MatMulV2,AI_CORE,AI_CORE,1704161512007477.500,4418.443,353.475,24,"[[1,1024],[1024,4096]]","[[1,4096]]",0.72,0.38
0,FusedInferAttentionScore,AI_CORE,AI_CORE,1704161512011896.000,2577.198,206.176,24,"[[1,1024],[1024,4096]]","[[1,4096]]",0.72,0.38
0,RmsNorm,AI_VECTOR_CORE,AI_VECTOR_CORE,1704161512014473.250,185.239,14.819,24,"[[1,1024],[1024,4096]]","[[1,4096]]",0.05,0.3
0,MatMulV2,AI_CORE,AI_CORE,1704161512014658.500,4510.041,360.803,24,"[[1,1024],[1024,4096]]","[[1,4096]]",0.72,0.38
0,FusedInferAttentionScore,AI_CORE,AI_CORE,1704161512019168.500,2462.489,196.999,24,"[[1,1024],[1024,4096]]","[[1,4096]]",0.72,0.38
0,RmsNorm,AI_VECTOR_CORE,AI_VECTOR_CORE,1704161512021631.000,251.783,20.143,24,"[[1,1024],[1024,4096]]","[[1,4096]]",0.05,0.3
0,MatMulV2,AI_CORE,AI_CORE,1704161512021882.750,3897.522,311.802,24,"[[1,1024],[1024,4096]]","[[1,4096]]",0.72,0.38
0,FusedInferAttentionScore,AI_CORE,AI_CORE,1704161512025780.250,2748.179,219.854,24,"[[1,1024],[1024,4096]]","[[1,4096]]",0.72,0.38
0,RmsNorm,AI_VECTOR_CORE,AI_VECTOR_CORE,1704161512028528.500,240.718,19.257,24,"[[1,1024],[1024,4096]]","[[1,4096]]",0.05,0.3
0,MatMulV2,AI_CORE,AI_CORE,1704161512028769.250,4323.818,345.905,24,"[[1,1024],[1024,4096]]","[[1,4096]]",0.72,0.38
0,FusedInferAttentionScore,AI_CORE,AI_CORE,1704161512033093.000,2361.353,188.908,24,"[[1,1024],[1024,4096]]","[[1,4096]]",0.72,0.38
0,RmsNorm,AI_VECTOR_CORE,AI_VECTOR_CORE,1704161512035454.250,194.517,15.561,24,"[[1,1024],[1024,4096]]","[[1,4096]]",0.05,0.3
0,MatMulV2,AI_CORE,AI_CORE,1704161512035648.750,4460.855,356.868,24,"[[1,1024],[1024,4096]]","[[1,4096]]",0.72,0.38
0,FusedInferAttentionScore,AI_CORE,AI_CORE,1704161512040109.500,2513.192,201.055,24,"[[1,1024],[1024,4096]]","[[1,4096]]",0.72,0.38
0,RmsNorm,AI_VECTOR_CORE,AI_VECTOR_CORE,1704161512042622.750,244.809,19.585,24,"[[1,1024],[1024,4096]]","[[1,4096]]",0.05,0.3
0,MatMulV2,AI_CORE,AI_CORE,1704161512042867.500,4245.987,339.679,24,"[[1,1024],[1024,4096]]","[[1,4096]]",0.72,0.38
0,FusedInferAttentionScore,AI_CORE,AI_CORE,1704161512047113.500,2580.643,206.451,24,"[[1,1024],[1024,4096]]","[[1,4096]]",0.72,0.38
0,RmsNorm,AI_VECTOR_CORE,AI_VECTOR_CORE,1704161512049694.250,245.760,19.661,24,"[[1,1024],[1024,4096]]","[[1,4096]]",0.05,0.3
0,MatMulV2,AI_CORE,AI_CORE,1704161512049940.000,4123.460,329.877,24,"[[1,1024],[1024,4096]]","[[1,4096]]",0.72,0.38
0,FusedInferAttentionScore,AI_CORE,AI_CORE,1704161512054063.500,2565.790,205.263,24,"[[1,1024],[1024,4096]]","[[1,4096]]",0.72,0.38
0,RmsNorm,AI_VECTOR_CORE,AI_VECTOR_CORE,1704161512056629.250,242.628,19.410,24,"[[1,1024],[1024,4096]]","[[1,4096]]",0.05,0.3
0,MatMulV2,AI_CORE,AI_CORE,1704161512056872.000,4506.541,360.523,24,"[[1,1024],[1024,4096]]","[[1,4096]]",0.72,0.38
0,FusedInferAttentionScore,AI_CORE,AI_CORE,1704161512061378.500,2391.039,191.283,24,"[[1,1024],[1024,4096]]","[[1,4096]]",0.72,0.38
0,RmsNorm,AI_VECTOR_CORE,AI_VECTOR_CORE,1704161512063769.500,217.527,17.402,24,"[[1,1024],[1024,4096]]","[[1,4096]]",0.05,0.3
0,MatMulV2,AI_CORE,AI_CORE,1704161512063987.000,4265.943,341.275,24,"[[1,1024],[1024,4096]]","[[1,4096]]",0.72,0.38
0,FusedInferAttentionScore,AI_CORE,AI_CORE,1704161512068253.000,2458.252,196.660,24,"[[1,1024],[1024,4096]]","[[1,4096]]",0.72,0.38
0,RmsNorm,AI_VECTOR_CORE,AI_VECTOR_CORE,1704161512070711.250,179.484,14.359,24,"[[1,1024],[1024,4096]]","[[1,4096]]",0.05,0.3
0,MatMulV2,AI_CORE,AI_CORE,1704161512070890.750,3980.158,318.413,24,"[[1,1024],[1024,4096]]","[[1,4096]]",0.72,0.38
0,FusedInferAttentionScore,AI_CORE,AI_CORE,1704161512074871.000,2749.951,219.996,24,"[[1,1024],[1024,4096]]","[[1,4096]]",0.72,0.38
0,RmsNorm,AI_VECTOR_CORE,AI_VECTOR_CORE,1704161512077621.000,174.843,13.987,24,"[[1,1024],[1024,4096]]","[[1,4096]]",0.05,0.3
0,MatMulV2,AI_CORE,AI_CORE,1704161512077795.750,3933.328,314.666,24,"[[1,1024],[1024,4096]]","[[1,4096]]",0.72,0.38
0,FusedInferAttentionScore,AI_CORE,AI_CORE,1704161512081729.000,2560.717,204.857,24,"[[1,1024],[1024,4096]]","[[1,4096]]",0.72,0.38
0,RmsNorm,AI_VECTOR_CORE,AI_VECTOR_CORE,1704161512084289.750,235.075,18.806,24,"[[1,1024],[1024,4096]]","[[1,4096]]",0.05,0.3
0,MatMulV2,AI_CORE,AI_CORE,1704161512084524.750,3856.287,308.503,24,"[[1,1024],[1024,4096]]","[[1,4096]]",0.72,0.38
0,FusedInferAttentionScore,AI_CORE,AI_CORE,1704161512088381.000,2556.909,204.553,24,"[[1,1024],[1024,4096]]","[[1,4096]]",0.72,0.38
0,RmsNorm,AI_VECTOR_CORE,AI_VECTOR_CORE,1704161512090938.000,216.065,17.285,24,"[[1,1024],[1024,4096]]","[[1,4096]]",0.05,0.3
0,MatMulV2,AI_CORE,AI_CORE,1704161512091154.000,4056.384,324.511,24,"[[1,1024],[1024,4096]]","[[1,4096]]",0.72,0.38
0,FusedInferAttentionScore,AI_CORE,AI_CORE,1704161512095210.500,2672.831,213.826,24,"[[1,1024],[1024,4096]]","[[1,4096]]",0.72,0.38
0,RmsNorm,AI_VECTOR_CORE,AI_VECTOR_CORE,1704161512097883.250,175.933,14.075,24,"[[1,1024],[1024,4096]]","[[1,4096]]",0.05,0.3
0,MatMulV2,AI_CORE,AI_CORE,1704161512099159.250,4589.405,367.152,24,"[[1,1024],[1024,4096]]","[[1,4096]]",0.72,0.38
0,FusedInferAttentionScore,AI_CORE,AI_CORE,1704161512103748.750,2546.553,203.724,24,"[[1,1024],[1024,4096]]","[[1,4096]]",0.72,0.38
0,RmsNorm,AI_VECTOR_CORE,AI_VECTOR_CORE,1704161512106295.250,191.953,15.356,24,"[[1,1024],[1024,4096]]","[[1,4096]]",0.05,0.3
0,MatMulV2,AI_CORE,AI_CORE,1704161512106547.250,4472.840,357.827,24,"[[1,1024],[1024,4096]]","[[1,4096]]",0.72,0.38
0,FusedInferAttentionScore,AI_CORE,AI_CORE,1704161512111020.000,2446.671,195.734,24,"[[1,1024],[1024,4096]]","[[1,4096]]",0.72,0.38
0,RmsNorm,AI_VECTOR_CORE,AI_VECTOR_CORE,1704161512113466.750,244.859,19.589,24,"[[1,1024],[1024,4096]]","[[1,4096]]",0.05,0.3
0,MatMulV2,AI_CORE,AI_CORE,1704161512113711.500,4553.071,364.246,24,"[[1,1024],[1024,4096]]","[[1,4096]]",0.72,0.38
0,FusedInferAttentionScore,AI_CORE,AI_CORE,1704161512118264.500,2815.770,225.262,24,"[[1,1024],[1024,4096]]","[[1,4096]]",0.72,0.38
0,RmsNorm,AI_VECTOR_CORE,AI_VECTOR_CORE,1704161512121080.250,220.325,17.626,24,"[[1,1024],[1024,4096]]","[[1,4096]]",0.05,0.3
0,MatMulV2,AI_CORE,AI_CORE,1704161512121300.500,4291.233,343.299,24,"[[1,1024],[1024,4096]]","[[1,4096]]",0.72,0.38
0,FusedInferAttentionScore,AI_CORE,AI_CORE,1704161512125591.750,2677.643,214.211,24,"[[1,1024],[1024,4096]]","[[1,4096]]",0.72,0.38
0,RmsNorm,AI_VECTOR_CORE,AI_VECTOR_CORE,1704161512128269.500,174.377,13.950,24,"[[1,1024],[1024,4096]]","[[1,4096]]",0.05,0.3
0,MatMulV2,AI_CORE,AI_CORE,1704161512128444.000,4349.193,347.935,24,"[[1,1024],[1024,4096]]","[[1,4096]]",0.72,0.38
0,FusedInferAttentionScore,AI_CORE,AI_CORE,1704161512132793.250,2385.943,190.875,24,"[[1,1024],[1024,4096]]","[[1,4096]]",0.72,0.38
0,RmsNorm,AI_VECTOR_CORE,AI_VECTOR_CORE,1704161512135179.250,240.018,19.201,24,"[[1,1024],[1024,4096]]","[[1,4096]]",0.05,0.3
0,MatMulV2,AI_CORE,AI_CORE,1704161512135419.250,3967.480,317.398,24,"[[1,1024],[1024,4096]]","[[1,4096]]",0.72,0.38
0,FusedInferAttentionScore,AI_CORE,AI_CORE,1704161512139386.750,2721.449,217.716,24,"[[1,1024],[1024,4096]]","[[1,4096]]",0.72,0.38
0,RmsNorm,AI_VECTOR_CORE,AI_VECTOR_CORE,1704161512142108.250,240.868,19.269,24,"[[1,1024],[1024,4096]]","[[1,4096]]",0.05,0.3
0,MatMulV2,AI_CORE,AI_CORE,1704161512142349.000,4420.896,353.672,24,"[[1,1024],[1024,4096]]","[[1,4096]]",0.72,0.38
0,FusedInferAttentionScore,AI_CORE,AI_CORE,1704161512146770.000,2720.314,217.625,24,"[[1,1024],[1024,4096]]","[[1,4096]]",0.72,0.38
0,RmsNorm,AI_VECTOR_CORE,AI_VECTOR_CORE,1704161512149490.250,209.853,16.788,24,"[[1,1024],[1024,4096]]","[[1,4096]]",0.05,0.3
0,MatMulV2,AI_CORE,AI_CORE,1704161512149700.000,3969.956,317.597,24,"[[1,1024],[1024,4096]]","[[1,4096]]",0.72,0.38
0,FusedInferAttentionScore,AI_CORE,AI_CORE,1704161512153670.000,2643.910,211.513,24,"[[1,1024],[1024,4096]]","[[1,4096]]",0.72,0.38
0,RmsNorm,AI_VECTOR_CORE,AI_VECTOR_CORE,1704161512156314.000,239.256,19.141,24,"[[1,1024],[1024,4096]]","[[1,4096]]",0.05,0.3
0,MatMulV2,AI_CORE,AI_CORE,1704161512156553.250,4376.276,350.102,24,"[[1,1024],[1024,4096]]","[[1,4096]]",0.72,0.38
0,FusedInferAttentionScore,AI_CORE,AI_CORE,1704161512160929.500,2510.899,200.872,24,"[[1,1024],[1024,4096]]","[[1,4096]]",0.72,0.38
0,RmsNorm,AI_VECTOR_CORE,AI_VECTOR_CORE,1704161512163440.500,209.447,16.756,24,"[[1,1024],[1024,4096]]","[[1,4096]]",0.05,0.3
0,MatMulV2,AI_CORE,AI_CORE,1704161512163650.000,3900.017,312.001,24,"[[1,1024],[1024,4096]]","[[1,4096]]",0.72,0.38
0,FusedInferAttentionScore,AI_CORE,AI_CORE,1704161512167550.000,2342.159,187.373,24,"[[1,1024],[1024,4096]]","[[1,4096]]",0.72,0.38
0,RmsNorm,AI_VECTOR_CORE,AI_VECTOR_CORE,1704161512169892.250,216.596,17.328,24,"[[1,1024],[1024,4096]]","[[1,4096]]",0.05,0.3
0,MatMulV2,AI_CORE,AI_CORE,1704161512170108.750,3987.544,319.004,24,"[[1,1024],[1024,4096]]","[[1,4096]]",0.72,0.38
0,FusedInferAttentionScore,AI_CORE,AI_CORE,1704161512174096.250,2599.187,207.935,24,"[[1,1024],[1024,4096]]","[[1,4096]]",0.72,0.38
0,RmsNorm,AI_VECTOR_CORE,AI_VECTOR_CORE,1704161512176695.500,188.692,15.095,24,"[[1,1024],[1024,4096]]","[[1,4096]]",0.05,0.3
0,MatMulV2,AI_CORE,AI_CORE,1704161512176884.250,4147.389,331.791,24,"[[1,1024],[1024,4096]]","[[1,4096]]",0.72,0.38
0,FusedInferAttentionScore,AI_CORE,AI_CORE,1704161512181031.750,2386.595,190.928,24,"[[1,1024],[1024,4096]]","[[1,4096]]",0.72,0.38
0,RmsNorm,AI_VECTOR_CORE,AI_VECTOR_CORE,1704161512183418.250,224.172,17.934,24,"[[1,1024],[1024,4096]]","[[1,4096]]",0.05,0.3
0,MatMulV2,AI_CORE,AI_CORE,1704161512183642.500,4242.666,339.413,24,"[[1,1024],[1024,4096]]","[[1,4096]]",0.72,0.38
0,FusedInferAttentionScore,AI_CORE,AI_CORE,1704161512187885.250,2479.347,198.348,24,"[[1,1024],[1024,4096]]","[[1,4096]]",0.72,0.38
0,RmsNorm,AI_VECTOR_CORE,AI_VECTOR_CORE,1704161512190364.500,184.477,14.758,24,"[[1,1024],[1024,4096]]","[[1,4096]]",0.05,0.3
0,MatMulV2,AI_CORE,AI_CORE,1704161512190549.000,4238.061,339.045,24,"[[1,1024],[1024,4096]]","[[1,4096]]",0.72,0.38
0,FusedInferAttentionScore,AI_CORE,AI_CORE,1704161512194787.000,2685.332,214.827,24,"[[1,1024],[1024,4096]]","[[1,4096]]",0.72,0.38
0,RmsNorm,AI_VECTOR_CORE,AI_VECTOR_CORE,1704161512197472.250,200.848,16.068,24,"[[1,1024],[1024,4096]]","[[1,4096]]",0.05,0.3
0,MatMulV2,AI_CORE,AI_CORE,1704161512197673.000,4249.503,339.960,24,"[[1,1024],[1024,4096]]","[[1,4096]]",0.72,0.38
0,FusedInferAttentionScore,AI_CORE,AI_CORE,1704161512201922.500,2423.928,193.914,24,"[[1,1024],[1024,4096]]","[[1,4096]]",0.72,0.38
0,RmsNorm,AI_VECTOR_CORE,AI_VECTOR_CORE,1704161512204346.500,248.668,19.893,24,"[[1,1024],[1024,4096]]","[[1,4096]]",0.05,0.3
0,MatMulV2,AI_CORE,AI_CORE,1704161512204595.250,4594.675,367.574,24,"[[1,1024],[1024,4096]]","[[1,4096]]",0.72,0.38
0,FusedInferAttentionScore,AI_CORE,AI_CORE,1704161512209190.000,2611.155,208.892,24,"[[1,1024],[1024,4096]]","[[1,4096]]",0.72,0.38
0,RmsNorm,AI_VECTOR_CORE,AI_VECTOR_CORE,1704161512211801.250,239.673,19.174,24,"[[1,1024],[1024,4096]]","[[1,4096]]",0.05,0.3
0,MatMulV2,AI_CORE,AI_CORE,1704161512212041.000,4072.451,325.796,24,"[[1,1024],[1024,4096]]","[[1,4096]]",0.72,0.38
0,FusedInferAttentionScore,AI_CORE,AI_CORE,1704161512216113.500,2392.064,191.365,24,"[[1,1024],[1024,4096]]","[[1,4096]]",0.72,0.38
0,RmsNorm,AI_VECTOR_CORE,AI_VECTOR_CORE,1704161512218505.500,171.333,13.707,24,"[[1,1024],[1024,4096]]","[[1,4096]]",0.05,0.3
0,MatMulV2,AI_CORE,AI_CORE,1704161512218676.750,4149.417,331.953,24,"[[1,1024],[1024,4096]]","[[1,4096]]",0.72,0.38
0,FusedInferAttentionScore,AI_CORE,AI_CORE,1704161512222826.250,2590.973,207.278,24,"[[1,1024],[1024,4096]]","[[1,4096]]",0.72,0.38
0,RmsNorm,AI_VECTOR_CORE,AI_VECTOR_CORE,1704161512225417.250,229.729,18.378,24,"[[1,1024],[1024,4096]]","[[1,4096]]",0.05,0.3
0,MatMulV2,AI_CORE,AI_CORE,1704161512225647.000,4261.581,340.927,24,"[[1,1024],[1024,4096]]","[[1,4096]]",0.72,0.38
0,FusedInferAttentionScore,AI_CORE,AI_CORE,1704161512229908.500,2400.178,192.014,24,"[[1,1024],[1024,4096]]","[[1,4096]]",0.72,0.38
0,RmsNorm,AI_VECTOR_CORE,AI_VECTOR_CORE,1704161512232308.750,175.219,14.018,24,"[[1,1024],[1024,4096]]","[[1,4096]]",0.05,0.3
0,MatMulV2,AI_CORE,AI_CORE,1704161512232484.000,3889.406,311.153,24,"[[1,1024],[1024,4096]]","[[1,4096]]",0.72,0.38
0,FusedInferAttentionScore,AI_CORE,AI_CORE,1704161512236373.500,2477.770,198.222,24,"[[1,1024],[1024,4096]]","[[1,4096]]",0.72,0.38
0,RmsNorm,AI_VECTOR_CORE,AI_VECTOR_CORE,1704161512238851.250,217.234,17.379,24,"[[1,1024],[1024,4096]]","[[1,4096]]",0.05,0.3
0,MatMulV2,AI_CORE,AI_CORE,1704161512239068.500,4594.284,367.543,24,"[[1,1024],[1024,4096]]","[[1,4096]]",0.72,0.38
0,FusedInferAttentionScore,AI_CORE,AI_CORE,1704161512243662.750,2795.180,223.614,24,"[[1,1024],[1024,4096]]","[[1,4096]]",0.72,0.38
0,RmsNorm,AI_VECTOR_CORE,AI_VECTOR_CORE,1704161512246458.000,229.479,18.358,24,"[[1,1024],[1024,4096]]","[[1,4096]]",0.05,0.3
0,MatMulV2,AI_CORE,AI_CORE,1704161512246687.500,4574.587,365.967,24,"[[1,1024],[1024,4096]]","[[1,4096]]",0.72,0.38
0,FusedInferAttentionScore,AI_CORE,AI_CORE,1704161512251262.000,2425.063,194.005,24,"[[1,1024],[1024,4096]]","[[1,4096]]",0.72,0.38
0,RmsNorm,AI_VECTOR_CORE,AI_VECTOR_CORE,1704161512253687.000,225.894,18.072,24,"[[1,1024],[1024,4096]]","[[1,4096]]",0.05,0.3
0,MatMulV2,AI_CORE,AI_CORE,1704161512253913.000,4549.407,363.953,24,"[[1,1024],[1024,4096]]","[[1,4096]]",0.72,0.38
0,FusedInferAttentionScore,AI_CORE,AI_CORE,1704161512258462.500,2350.177,188.014,24,"[[1,1024],[1024,4096]]","[[1,4096]]",0.72,0.38
0,RmsNorm,AI_VECTOR_CORE,AI_VECTOR_CORE,1704161512260812.750,250.647,20.052,24,"[[1,1024],[1024,4096]]","[[1,4096]]",0.05,0.3
0,MatMulV2,AI_CORE,AI_CORE,1704161512261063.500,4508.119,360.650,24,"[[1,1024],[1024,4096]]","[[1,4096]]",0.72,0.38
0,FusedInferAttentionScore,AI_CORE,AI_CORE,1704161512265571.500,2623.849,209.908,24,"[[1,1024],[1024,4096]]","[[1,4096]]",0.72,0.38
0,RmsNorm,AI_VECTOR_CORE,AI_VECTOR_CORE,1704161512268195.250,208.504,16.680,24,"[[1,1024],[1024,4096]]","[[1,4096]]",0.05,0.3
0,MatMulV2,AI_CORE,AI_CORE,1704161512268403.750,3833.893,306.711,24,"[[1,1024],[1024,4096]]","[[1,4096]]",0.72,0.38
0,FusedInferAttentionScore,AI_CORE,AI_CORE,1704161512272237.750,2502.673,200.214,24,"[[1,1024],[1024,4096]]","[[1,4096]]",0.72,0.38
0,RmsNorm,AI_VECTOR_CORE,AI_VECTOR_CORE,1704161512274740.500,182.867,14.629,24,"[[1,1024],[1024,4096]]","[[1,4096]]",0.05,0.3
0,MatMulV2,AI_CORE,AI_CORE,1704161512274923.250,4079.268,326.341,24,"[[1,1024],[1024,4096]]","[[1,4096]]",0.72,0.38
0,FusedInferAttentionScore,AI_CORE,AI_CORE,1704161512279002.500,2422.061,193.765,24,"[[1,1024],[1024,4096]]","[[1,4096]]",0.72,0.38
0,RmsNorm,AI_VECTOR_CORE,AI_VECTOR_CORE,1704161512281424.500,213.801,17.104,24,"[[1,1024],[1024,4096]]","[[1,4096]]",0.05,0.3
0,MatMulV2,AI_CORE,AI_CORE,1704161512281638.250,3801.927,304.154,24,"[[1,1024],[1024,4096]]","[[1,4096]]",0.72,0.38
0,FusedInferAttentionScore,AI_CORE,AI_CORE,1704161512285440.250,2655.270,212.422,24,"[[1,1024],[1024,4096]]","[[1,4096]]",0.72,0.38
0,RmsNorm,AI_VECTOR_CORE,AI_VECTOR_CORE,1704161512288095.500,209.366,16.749,24,"[[1,1024],[1024,4096]]","[[1,4096]]",0.05,0.3
0,MatMulV2,AI_CORE,AI_CORE,1704161512288304.750,4478.795,358.304,24,"[[1,1024],[1024,4096]]","[[1,4096]]",0.72,0.38
0,FusedInferAttentionScore,AI_CORE,AI_CORE,1704161512292783.500,2466.524,197.322,24,"[[1,1024],[1024,4096]]","[[1,4096]]",0.72,0.38
0,RmsNorm,AI_VECTOR_CORE,AI_VECTOR_CORE,1704161512295250.000,180.561,14.445,24,"[[1,1024],[1024,4096]]","[[1,4096]]",0.05,0.3
0,MatMulV2,AI_CORE,AI_CORE,1704161512295430.500,3886.572,310.926,24,"[[1,1024],[1024,4096]]","[[1,4096]]",0.72,0.38
0,FusedInferAttentionScore,AI_CORE,AI_CORE,1704161512299317.000,2658.875,212.710,24,"[[1,1024],[1024,4096]]","[[1,4096]]",0.72,0.38
0,RmsNorm,AI_VECTOR_CORE,AI_VECTOR_CORE,1704161512301976.000,171.186,13.695,24,"[[1,1024],[1024,4096]]","[[1,4096]]",0.05,0.3
0,MatMulV2,AI_CORE,AI_CORE,1704161512302147.250,3946.850,315.748,24,"[[1,1024],[1024,4096]]","[[1,4096]]",0.72,0.38
0,FusedInferAttentionScore,AI_CORE,AI_CORE,1704161512306094.000,2587.403,206.992,24,"[[1,1024],[1024,4096]]","[[1,4096]]",0.72,0.38
0,RmsNorm,AI_VECTOR_CORE,AI_VECTOR_CORE,1704161512308681.500,198.957,15.917,24,"[[1,1024],[1024,4096]]","[[1,4096]]",0.05,0.3
0,MatMulV2,AI_CORE,AI_CORE,1704161512308880.500,3963.912,317.113,24,"[[1,1024],[1024,4096]]","[[1,4096]]",0.72,0.38
0,FusedInferAttentionScore,AI_CORE,AI_CORE,1704161512312844.500,2598.401,207.872,24,"[[1,1024],[1024,4096]]","[[1,4096]]",0.72,0.38
0,RmsNorm,AI_VECTOR_CORE,AI_VECTOR_CORE,1704161512315443.000,209.155,16.732,24,"[[1,1024],[1024,4096]]","[[1,4096]]",0.05,0.3
0,MatMulV2,AI_CORE,AI_CORE,1704161512315652.250,4153.360,332.269,24,"[[1,1024],[1024,4096]]","[[1,4096]]",0.72,0.38
0,FusedInferAttentionScore,AI_CORE,AI_CORE,1704161512319805.500,2705.159,216.413,24,"[[1,1024],[1024,4096]]","[[1,4096]]",0.72,0.38
0,RmsNorm,AI_VECTOR_CORE,AI_VECTOR_CORE,1704161512322510.750,231.155,18.492,24,"[[1,1024],[1024,4096]]","[[1,4096]]",0.05,0.3
0,MatMulV2,AI_CORE,AI_CORE,1704161512323842.000,4329.106,346.329,24,"[[1,1024],[1024,4096]]","[[1,4096]]",0.72,0.38
0,FusedInferAttentionScore,AI_CORE,AI_CORE,1704161512328171.000,2397.690,191.815,24,"[[1,1024],[1024,4096]]","[[1,4096]]",0.72,0.38
0,RmsNorm,AI_VECTOR_CORE,AI_VECTOR_CORE,1704161512330568.750,233.531,18.682,24,"[[1,1024],[1024,4096]]","[[1,4096]]",0.05,0.3
0,MatMulV2,AI_CORE,AI_CORE,1704161512330862.250,4320.364,345.629,24,"[[1,1024],[1024,4096]]","[[1,4096]]",0.72,0.38
0,FusedInferAttentionScore,AI_CORE,AI_CORE,1704161512335182.500,2655.022,212.402,24,"[[1,1024],[1024,4096]]","[[1,4096]]",0.72,0.38
0,RmsNorm,AI_VECTOR_CORE,AI_VECTOR_CORE,1704161512337837.500,181.255,14.500,24,"[[1,1024],[1024,4096]]","[[1,4096]]",0.05,0.3
0,MatMulV2,AI_CORE,AI_CORE,1704161512338018.750,4222.552,337.804,24,"[[1,1024],[1024,4096]]","[[1,4096]]",0.72,0.38
0,FusedInferAttentionScore,AI_CORE,AI_CORE,1704161512342241.250,2775.708,222.057,24,"[[1,1024],[1024,4096]]","[[1,4096]]",0.72,0.38
0,RmsNorm,AI_VECTOR_CORE,AI_VECTOR_CORE,1704161512345017.000,241.677,19.334,24,"[[1,1024],[1024,4096]]","[[1,4096]]",0.05,0.3
0,MatMulV2,AI_CORE,AI_CORE,1704161512345258.750,3795.065,303.605,24,"[[1,1024],[1024,4096]]","[[1,4096]]",0.72,0.38
0,FusedInferAttentionScore,AI_CORE,AI_CORE,1704161512349053.750,2527.864,202.229,24,"[[1,1024],[1024,4096]]","[[1,4096]]",0.72,0.38
0,RmsNorm,AI_VECTOR_CORE,AI_VECTOR_CORE,1704161512351581.500,194.351,15.548,24,"[[1,1024],[1024,4096]]","[[1,4096]]",0.05,0.3
0,MatMulV2,AI_CORE,AI_CORE,1704161512351775.750,3920.335,313.627,24,"[[1,1024],[1024,4096]]","[[1,4096]]",0.72,0.38
0,FusedInferAttentionScore,AI_CORE,AI_CORE,1704161512355696.000,2733.548,218.684,24,"[[1,1024],[1024,4096]]","[[1,4096]]",0.72,0.38
0,RmsNorm,AI_VECTOR_CORE,AI_VECTOR_CORE,1704161512358429.500,218.069,17.446,24,"[[1,1024],[1024,4096]]","[[1,4096]]",0.05,0.3
0,MatMulV2,AI_CORE,AI_CORE,1704161512358647.500,4546.540,363.723,24,"[[1,1024],[1024,4096]]","[[1,4096]]",0.72,0.38
0,FusedInferAttentionScore,AI_CORE,AI_CORE,1704161512363194.000,2541.206,203.296,24,"[[1,1024],[1024,4096]]","[[1,4096]]",0.72,0.38
0,RmsNorm,AI_VECTOR_CORE,AI_VECTOR_CORE,1704161512365735.250,179.374,14.350,24,"[[1,1024],[1024,4096]]","[[1,4096]]",0.05,0.3
0,MatMulV2,AI_CORE,AI_CORE,1704161512365914.500,4252.064,340.165,24,"[[1,1024],[1024,4096]]","[[1,4096]]",0.72,0.38
0,FusedInferAttentionScore,AI_CORE,AI_CORE,1704161512370166.500,2729.403,218.352,24,"[[1,1024],[1024,4096]]","[[1,4096]]",0.72,0.38
0,RmsNorm,AI_VECTOR_CORE,AI_VECTOR_CORE,1704161512372896.000,204.771,16.382,24,"[[1,1024],[1024,4096]]","[[1,4096]]",0.05,0.3
0,MatMulV2,AI_CORE,AI_CORE,1704161512373100.750,4594.851,367.588,24,"[[1,1024],[1024,4096]]","[[1,4096]]",0.72,0.38
0,FusedInferAttentionScore,AI_CORE,AI_CORE,1704161512377695.500,2537.473,202.998,24,"[[1,1024],[1024,4096]]","[[1,4096]]",0.72,0.38
0,RmsNorm,AI_VECTOR_CORE,AI_VECTOR_CORE,1704161512380233.000,217.460,17.397,24,"[[1,1024],[1024,4096]]","[[1,4096]]",0.05,0.3
0,MatMulV2,AI_CORE,AI_CORE,1704161512380450.500,4139.759,331.181,24,"[[1,1024],[1024,4096]]","[[1,4096]]",0.72,0.38
0,FusedInferAttentionScore,AI_CORE,AI_CORE,1704161512384590.250,2608.699,208.696,24,"[[1,1024],[1024,4096]]","[[1,4096]]",0.72,0.38
0,RmsNorm,AI_VECTOR_CORE,AI_VECTOR_CORE,1704161512387199.000,172.403,13.792,24,"[[1,1024],[1024,4096]]","[[1,4096]]",0.05,0.3
0,MatMulV2,AI_CORE,AI_CORE,1704161512387371.500,4227.046,338.164,24,"[[1,1024],[1024,4096]]","[[1,4096]]",0.72,0.38
0,FusedInferAttentionScore,AI_CORE,AI_CORE,1704161512391598.500,2841.670,227.334,24,"[[1,1024],[1024,4096]]","[[1,4096]]",0.72,0.38
0,RmsNorm,AI_VECTOR_CORE,AI_VECTOR_CORE,1704161512394440.250,224.535,17.963,24,"[[1,1024],[1024,4096]]","[[1,4096]]",0.05,0.3
0,MatMulV2,AI_CORE,AI_CORE,1704161512394664.750,4235.122,338.810,24,"[[1,1024],[1024,4096]]","[[1,4096]]",0.72,0.38
0,FusedInferAttentionScore,AI_CORE,AI_CORE,1704161512398899.750,2795.415,223.633,24,"[[1,1024],[1024,4096]]","[[1,4096]]",0.72,0.38
0,RmsNorm,AI_VECTOR_CORE,AI_VECTOR_CORE,1704161512401695.250,169.930,13.594,24,"[[1,1024],[1024,4096]]","[[1,4096]]",0.05,0.3
0,MatMulV2,AI_CORE,AI_CORE,1704161512401865.250,3780.672,302.454,24,"[[1,1024],[1024,4096]]","[[1,4096]]",0.72,0.38
0,FusedInferAttentionScore,AI_CORE,AI_CORE,1704161512405646.000,2543.960,203.517,24,"[[1,1024],[1024,4096]]","[[1,4096]]",0.72,0.38
0,RmsNorm,AI_VECTOR_CORE,AI_VECTOR_CORE,1704161512408190.000,208.737,16.699,24,"[[1,1024],[1024,4096]]","[[1,4096]]",0.05,0.3
0,MatMulV2,AI_CORE,AI_CORE,1704161512408398.750,4309.299,344.744,24,"[[1,1024],[1024,4096]]","[[1,4096]]",0.72,0.38
0,FusedInferAttentionScore,AI_CORE,AI_CORE,1704161512412708.000,2525.918,202.073,24,"[[1,1024],[1024,4096]]","[[1,4096]]",0.72,0.38
0,RmsNorm,AI_VECTOR_CORE,AI_VECTOR_CORE,1704161512415234.000,227.701,18.216,24,"[[1,1024],[1024,4096]]","[[1,4096]]",0.05,0.3
0,MatMulV2,AI_CORE,AI_CORE,1704161512415461.750,4419.791,353.583,24,"[[1,1024],[1024,4096]]","[[1,4096]]",0.72,0.38
0,FusedInferAttentionScore,AI_CORE,AI_CORE,1704161512419881.500,2624.745,209.980,24,"[[1,1024],[1024,4096]]","[[1,4096]]",0.72,0.38
0,RmsNorm,AI_VECTOR_CORE,AI_VECTOR_CORE,1704161512422506.250,197.075,15.766,24,"[[1,1024],[1024,4096]]","[[1,4096]]",0.05,0.3
0,MatMulV2,AI_CORE,AI_CORE,1704161512422703.250,4475.150,358.012,24,"[[1,1024],[1024,4096]]","[[1,4096]]",0.72,0.38
0,FusedInferAttentionScore,AI_CORE,AI_CORE,1704161512427178.500,2405.287,192.423,24,"[[1,1024],[1024,4096]]","[[1,4096]]",0.72,0.38
0,RmsNorm,AI_VECTOR_CORE,AI_VECTOR_CORE,1704161512429583.750,181.739,14.539,24,"[[1,1024],[1024,4096]]","[[1,4096]]",0.05,0.3
0,MatMulV2,AI_CORE,AI_CORE,1704161512429765.500,4343.501,347.480,24,"[[1,1024],[1024,4096]]","[[1,4096]]",0.72,0.38
0,FusedInferAttentionScore,AI_CORE,AI_CORE,1704161512434109.000,2482.238,198.579,24,"[[1,1024],[1024,4096]]","[[1,4096]]",0.72,0.38
0,RmsNorm,AI_VECTOR_CORE,AI_VECTOR_CORE,1704161512436591.250,251.343,20.107,24,"[[1,1024],[1024,4096]]","[[1,4096]]",0.05,0.3
0,MatMulV2,AI_CORE,AI_CORE,1704161512436842.500,4362.011,348.961,24,"[[1,1024],[1024,4096]]","[[1,4096]]",0.72,0.38
0,FusedInferAttentionScore,AI_CORE,AI_CORE,1704161512441204.500,2446.142,195.691,24,"[[1,1024],[1024,4096]]","[[1,4096]]",0.72,0.38
0,RmsNorm,AI_VECTOR_CORE,AI_VECTOR_CORE,1704161512443650.750,175.278,14.022,24,"[[1,1024],[1024,4096]]","[[1,4096]]",0.05,0.3
0,MatMulV2,AI_CORE,AI_CORE,1704161512443826.000,3866.942,309.355,24,"[[1,1024],[1024,4096]]","[[1,4096]]",0.72,0.38
0,FusedInferAttentionScore,AI_CORE,AI_CORE,1704161512447693.000,2342.550,187.404,24,"[[1,1024],[1024,4096]]","[[1,4096]]",0.72,0.38
0,RmsNorm,AI_VECTOR_CORE,AI_VECTOR_CORE,1704161512450035.500,237.289,18.983,24,"[[1,1024],[1024,4096]]","[[1,4096]]",0.05,0.3
0,MatMulV2,AI_CORE,AI_CORE,1704161512450272.750,4442.959,355.437,24,"[[1,1024],[1024,4096]]","[[1,4096]]",0.72,0.38
0,FusedInferAttentionScore,AI_CORE,AI_CORE,1704161512454715.750,2349.976,187.998,24,"[[1,1024],[1024,4096]]","[[1,4096]]",0.72,0.38
0,RmsNorm,AI_VECTOR_CORE,AI_VECTOR_CORE,1704161512457065.750,241.553,19.324,24,"[[1,1024],[1024,4096]]","[[1,4096]]",0.05,0.3
0,MatMulV2,AI_CORE,AI_CORE,1704161512457307.250,4254.820,340.386,24,"[[1,1024],[1024,4096]]","[[1,4096]]",0.72,0.38
0,FusedInferAttentionScore,AI_CORE,AI_CORE,1704161512461562.000,2712.260,216.981,24,"[[1,1024],[1024,4096]]","[[1,4096]]",0.72,0.38
0,RmsNorm,AI_VECTOR_CORE,AI_VECTOR_CORE,1704161512464274.250,187.022,14.962,24,"[[1,1024],[1024,4096]]","[[1,4096]]",0.05,0.3
0,MatMulV2,AI_CORE,AI_CORE,1704161512464461.250,4474.581,357.966,24,"[[1,1024],[1024,4096]]","[[1,4096]]",0.72,0.38
0,FusedInferAttentionScore,AI_CORE,AI_CORE,1704161512468935.750,2470.975,197.678,24,"[[1,1024],[1024,4096]]","[[1,4096]]",0.72,0.38
0,RmsNorm,AI_VECTOR_CORE,AI_VECTOR_CORE,1704161512471406.750,227.842,18.227,24,"[[1,1024],[1024,4096]]","[[1,4096]]",0.05,0.3
0,MatMulV2,AI_CORE,AI_CORE,1704161512471634.500,4507.421,360.594,24,"[[1,1024],[1024,4096]]","[[1,4096]]",0.72,0.38
0,FusedInferAttentionScore,AI_CORE,AI_CORE,1704161512476142.000,2433.496,194.680,24,"[[1,1024],[1024,4096]]","[[1,4096]]",0.72,0.38
0,RmsNorm,AI_VECTOR_CORE,AI_VECTOR_CORE,1704161512478575.500,246.680,19.734,24,"[[1,1024],[1024,4096]]","[[1,4096]]",0.05,0.3
0,MatMulV2,AI_CORE,AI_CORE,1704161512478822.250,4089.238,327.139,24,"[[1,1024],[1024,4096]]","[[1,4096]]",0.72,0.38
0,FusedInferAttentionScore,AI_CORE,AI_CORE,1704161512482911.500,2342.354,187.388,24,"[[1,1024],[1024,4096]]","[[1,4096]]",0.72,0.38
0,RmsNorm,AI_VECTOR_CORE,AI_VECTOR_CORE,1704161512485253.750,228.748,18.300,24,"[[1,1024],[1024,4096]]","[[1,4096]]",0.05,0.3
0,MatMulV2,AI_CORE,AI_CORE,1704161512485482.500,4499.122,359.930,24,"[[1,1024],[1024,4096]]","[[1,4096]]",0.72,0.38
0,FusedInferAttentionScore,AI_CORE,AI_CORE,1704161512489981.500,2621.515,209.721,24,"[[1,1024],[1024,4096]]","[[1,4096]]",0.72,0.38
0,RmsNorm,AI_VECTOR_CORE,AI_VECTOR_CORE,1704161512492603.000,209.346,16.748,24,"[[1,1024],[1024,4096]]","[[1,4096]]",0.05,0.3
0,MatMulV2,AI_CORE,AI_CORE,1704161512492812.250,3859.831,308.786,24,"[[1,1024],[1024,4096]]","[[1,4096]]",0.72,0.38
0,FusedInferAttentionScore,AI_CORE,AI_CORE,1704161512496672.000,2485.182,198.815,24,"[[1,1024],[1024,4096]]","[[1,4096]]",0.72,0.38
0,RmsNorm,AI_VECTOR_CORE,AI_VECTOR_CORE,1704161512499157.250,184.745,14.780,24,"[[1,1024],[1024,4096]]","[[1,4096]]",0.05,0.3
0,MatMulV2,AI_CORE,AI_CORE,1704161512499342.000,4389.411,351.153,24,"[[1,1024],[1024,4096]]","[[1,4096]]",0.72,0.38
0,FusedInferAttentionScore,AI_CORE,AI_CORE,1704161512503731.500,2444.779,195.582,24,"[[1,1024],[1024,4096]]","[[1,4096]]",0.72,0.38
0,RmsNorm,AI_VECTOR_CORE,AI_VECTOR_CORE,1704161512506176.250,229.207,18.337,24,"[[1,1024],[1024,4096]]","[[1,4096]]",0.05,0.3
0,MatMulV2,AI_CORE,AI_CORE,1704161512506405.500,4317.064,345.365,24,"[[1,1024],[1024,4096]]","[[1,4096]]",0.72,0.38
0,FusedInferAttentionScore,AI_CORE,AI_CORE,1704161512510722.500,2739.708,219.177,24,"[[1,1024],[1024,4096]]","[[1,4096]]",0.72,0.38
0,RmsNorm,AI_VECTOR_CORE,AI_VECTOR_CORE,1704161512513462.250,241.965,19.357,24,"[[1,1024],[1024,4096]]","[[1,4096]]",0.05,0.3
0,MatMulV2,AI_CORE,AI_CORE,1704161512513704.250,4506.403,360.512,24,"[[1,1024],[1024,4096]]","[[1,4096]]",0.72,0.38
0,FusedInferAttentionScore,AI_CORE,AI_CORE,1704161512518210.750,2347.533,187.803,24,"[[1,1024],[1024,4096]]","[[1,4096]]",0.72,0.38
0,RmsNorm,AI_VECTOR_CORE,AI_VECTOR_CORE,1704161512520558.250,196.973,15.758,24,"[[1,1024],[1024,4096]]","[[1,4096]]",0.05,0.3
0,MatMulV2,AI_CORE,AI_CORE,1704161512520755.250,4599.213,367.937,24,"[[1,1024],[1024,4096]]","[[1,4096]]",0.72,0.38
0,FusedInferAttentionScore,AI_CORE,AI_CORE,1704161512525354.500,2839.193,227.135,24,"[[1,1024],[1024,4096]]","[[1,4096]]",0.72,0.38
0,RmsNorm,AI_VECTOR_CORE,AI_VECTOR_CORE,1704161512528193.750,193.236,15.459,24,"[[1,1024],[1024,4096]]","[[1,4096]]",0.05,0.3
0,MatMulV2,AI_CORE,AI_CORE,1704161512528387.000,4022.851,321.828,24,"[[1,1024],[1024,4096]]","[[1,4096]]",0.72,0.38
0,FusedInferAttentionScore,AI_CORE,AI_CORE,1704161512532409.750,2754.886,220.391,24,"[[1,1024],[1024,4096]]","[[1,4096]]",0.72,0.38
0,RmsNorm,AI_VECTOR_CORE,AI_VECTOR_CORE,1704161512535164.750,212.537,17.003,24,"[[1,1024],[1024,4096]]","[[1,4096]]",0.05,0.3
0,MatMulV2,AI_CORE,AI_CORE,1704161512535377.250,4094.392,327.551,24,"[[1,1024],[1024,4096]]","[[1,4096]]",0.72,0.38
0,FusedInferAttentionScore,AI_CORE,AI_CORE,1704161512539471.750,2626.237,210.099,24,"[[1,1024],[1024,4096]]","[[1,4096]]",0.72,0.38
0,RmsNorm,AI_VECTOR_CORE,AI_VECTOR_CORE,1704161512542098.000,184.370,14.750,24,"[[1,1024],[1024,4096]]","[[1,4096]]",0.05,0.3
0,MatMulV2,AI_CORE,AI_CORE,1704161512542282.250,4304.669,344.374,24,"[[1,1024],[1024,4096]]","[[1,4096]]",0.72,0.38
0,FusedInferAttentionScore,AI_CORE,AI_CORE,1704161512546587.000,2420.384,193.631,24,"[[1,1024],[1024,4096]]","[[1,4096]]",0.72,0.38
0,RmsNorm,AI_VECTOR_CORE,AI_VECTOR_CORE,1704161512549007.500,222.891,17.831,24,"[[1,1024],[1024,4096]]","[[1,4096]]",0.05,0.3
0,MatMulV2,AI_CORE,AI_CORE,1704161512550330.500,3861.933,308.955,24,"[[1,1024],[1024,4096]]","[[1,4096]]",0.72,0.38
0,FusedInferAttentionScore,AI_CORE,AI_CORE,1704161512554192.500,2745.740,219.659,24,"[[1,1024],[1024,4096]]","[[1,4096]]",0.72,0.38
0,RmsNorm,AI_VECTOR_CORE,AI_VECTOR_CORE,1704161512556938.250,232.375,18.590,24,"[[1,1024],[1024,4096]]","[[1,4096]]",0.05,0.3
0,MatMulV2,AI_CORE,AI_CORE,1704161512557230.750,4613.270,369.062,24,"[[1,1024],[1024,4096]]","[[1,4096]]",0.72,0.38
0,FusedInferAttentionScore,AI_CORE,AI_CORE,1704161512561844.000,2423.907,193.913,24,"[[1,1024],[1024,4096]]","[[1,4096]]",0.72,0.38
0,RmsNorm,AI_VECTOR_CORE,AI_VECTOR_CORE,1704161512564268.000,177.304,14.184,24,"[[1,1024],[1024,4096]]","[[1,4096]]",0.05,0.3
0,MatMulV2,AI_CORE,AI_CORE,1704161512564445.250,4387.485,350.999,24,"[[1,1024],[1024,4096]]","[[1,4096]]",0.72,0.38
0,FusedInferAttentionScore,AI_CORE,AI_CORE,1704161512568832.750,2855.965,228.477,24,"[[1,1024],[1024,4096]]","[[1,4096]]",0.72,0.38
0,RmsNorm,AI_VECTOR_CORE,AI_VECTOR_CORE,1704161512571688.750,190.896,15.272,24,"[[1,1024],[1024,4096]]","[[1,4096]]",0.05,0.3
0,MatMulV2,AI_CORE,AI_CORE,1704161512571879.750,4479.586,358.367,24,"[[1,1024],[1024,4096]]","[[1,4096]]",0.72,0.38
0,FusedInferAttentionScore,AI_CORE,AI_CORE,1704161512576359.250,2531.775,202.542,24,"[[1,1024],[1024,4096]]","[[1,4096]]",0.72,0.38
0,RmsNorm,AI_VECTOR_CORE,AI_VECTOR_CORE,1704161512578891.000,190.163,15.213,24,"[[1,1024],[1024,4096]]","[[1,4096]]",0.05,0.3
0,MatMulV2,AI_CORE,AI_CORE,1704161512579081.250,4437.783,355.023,24,"[[1,1024],[1024,4096]]","[[1,4096]]",0.72,0.38
0,FusedInferAttentionScore,AI_CORE,AI_CORE,1704161512583519.000,2364.158,189.133,24,"[[1,1024],[1024,4096]]","[[1,4096]]",0.72,0.38
0,RmsNorm,AI_VECTOR_CORE,AI_VECTOR_CORE,1704161512585883.250,225.476,18.038,24,"[[1,1024],[1024,4096]]","[[1,4096]]",0.05,0.3
0,MatMulV2,AI_CORE,AI_CORE,1704161512586108.750,4590.506,367.240,24,"[[1,1024],[1024,4096]]","[[1,4096]]",0.72,0.38
0,FusedInferAttentionScore,AI_CORE,AI_CORE,1704161512590699.250,2804.165,224.333,24,"[[1,1024],[1024,4096]]","[[1,4096]]",0.72,0.38
0,RmsNorm,AI_VECTOR_CORE,AI_VECTOR_CORE,1704161512593503.500,174.022,13.922,24,"[[1,1024],[1024,4096]]","[[1,4096]]",0.05,0.3
0,MatMulV2,AI_CORE,AI_CORE,1704161512593677.500,4111.754,328.940,24,"[[1,1024],[1024,4096]]","[[1,4096]]",0.72,0.38
0,FusedInferAttentionScore,AI_CORE,AI_CORE,1704161512597789.250,2750.462,220.037,24,"[[1,1024],[1024,4096]]","[[1,4096]]",0.72,0.38
0,RmsNorm,AI_VECTOR_CORE,AI_VECTOR_CORE,1704161512600539.750,218.868,17.509,24,"[[1,1024],[1024,4096]]","[[1,4096]]",0.05,0.3
0,MatMulV2,AI_CORE,AI_CORE,1704161512600758.500,4612.882,369.031,24,"[[1,1024],[1024,4096]]","[[1,4096]]",0.72,0.38
0,FusedInferAttentionScore,AI_CORE,AI_CORE,1704161512605371.500,2633.428,210.674,24,"[[1,1024],[1024,4096]]","[[1,4096]]",0.72,0.38
0,RmsNorm,AI_VECTOR_CORE,AI_VECTOR_CORE,1704161512608005.000,224.957,17.997,24,"[[1,1024],[1024,4096]]","[[1,4096]]",0.05,0.3
0,MatMulV2,AI_CORE,AI_CORE,1704161512608230.000,4258.962,340.717,24,"[[1,1024],[1024,4096]]","[[1,4096]]",0.72,0.38
0,FusedInferAttentionScore,AI_CORE,AI_CORE,1704161512612489.000,2744.614,219.569,24,"[[1,1024],[1024,4096]]","[[1,4096]]",0.72,0.38
0,RmsNorm,AI_VECTOR_CORE,AI_VECTOR_CORE,1704161512615233.500,176.339,14.107,24,"[[1,1024],[1024,4096]]","[[1,4096]]",0.05,0.3
0,MatMulV2,AI_CORE,AI_CORE,1704161512615409.750,4577.836,366.227,24,"[[1,1024],[1024,4096]]","[[1,4096]]",0.72,0.38
0,FusedInferAttentionScore,AI_CORE,AI_CORE,1704161512619987.500,2572.174,205.774,24,"[[1,1024],[1024,4096]]","[[1,4096]]",0.72,0.38
0,RmsNorm,AI_VECTOR_CORE,AI_VECTOR_CORE,1704161512622559.750,247.955,19.836,24,"[[1,1024],[1024,4096]]","[[1,4096]]",0.05,0.3
0,MatMulV2,AI_CORE,AI_CORE,1704161512622807.750,4459.997,356.800,24,"[[1,1024],[1024,4096]]","[[1,4096]]",0.72,0.38
0,FusedInferAttentionScore,AI_CORE,AI_CORE,1704161512627267.750,2352.896,188.232,24,"[[1,1024],[1024,4096]]","[[1,4096]]",0.72,0.38
0,RmsNorm,AI_VECTOR_CORE,AI_VECTOR_CORE,1704161512629620.750,198.280,15.862,24,"[[1,1024],[1024,4096]]","[[1,4096]]",0.05,0.3
0,MatMulV2,AI_CORE,AI_CORE,1704161512629819.000,3937.401,314.992,24,"[[1,1024],[1024,4096]]","[[1,4096]]",0.72,0.38
0,FusedInferAttentionScore,AI_CORE,AI_CORE,1704161512633756.500,2461.468,196.917,24,"[[1,1024],[1024,4096]]","[[1,4096]]",0.72,0.38
0,RmsNorm,AI_VECTOR_CORE,AI_VECTOR_CORE,1704161512636218.000,226.147,18.092,24,"[[1,1024],[1024,4096]]","[[1,4096]]",0.05,0.3
0,MatMulV2,AI_CORE,AI_CORE,1704161512636444.250,4419.369,353.549,24,"[[1,1024],[1024,4096]]","[[1,4096]]",0.72,0.38
0,FusedInferAttentionScore,AI_CORE,AI_CORE,1704161512640863.500,2627.585,210.207,24,"[[1,1024],[1024,4096]]","[[1,4096]]",0.72,0.38
0,RmsNorm,AI_VECTOR_CORE,AI_VECTOR_CORE,1704161512643491.000,248.053,19.844,24,"[[1,1024],[1024,4096]]","[[1,4096]]",0.05,0.3
0,MatMulV2,AI_CORE,AI_CORE,1704161512643739.000,4033.662,322.693,24,"[[1,1024],[1024,4096]]","[[1,4096]]",0.72,0.38
0,FusedInferAttentionScore,AI_CORE,AI_CORE,1704161512647772.750,2581.541,206.523,24,"[[1,1024],[1024,4096]]","[[1,4096]]",0.72,0.38
0,RmsNorm,AI_VECTOR_CORE,AI_VECTOR_CORE,1704161512650354.250,201.276,16.102,24,"[[1,1024],[1024,4096]]","[[1,4096]]",0.05,0.3
0,MatMulV2,AI_CORE,AI_CORE,1704161512650555.500,4570.896,365.672,24,"[[1,1024],[1024,4096]]","[[1,4096]]",0.72,0.38
0,FusedInferAttentionScore,AI_CORE,AI_CORE,1704161512655126.500,2738.915,219.113,24,"[[1,1024],[1024,4096]]","[[1,4096]]",0.72,0.38
0,RmsNorm,AI_VECTOR_CORE,AI_VECTOR_CORE,1704161512657865.500,219.092,17.527,24,"[[1,1024],[1024,4096]]","[[1,4096]]",0.05,0.3
0,MatMulV2,AI_CORE,AI_CORE,1704161512658084.500,3900.393,312.031,24,"[[1,1024],[1024,4096]]","[[1,4096]]",0.72,0.38
0,FusedInferAttentionScore,AI_CORE,AI_CORE,1704161512661985.000,2624.990,209.999,24,"[[1,1024],[1024,4096]]","[[1,4096]]",0.72,0.38
0,RmsNorm,AI_VECTOR_CORE,AI_VECTOR_CORE,1704161512664610.000,217.431,17.394,24,"[[1,1024],[1024,4096]]","[[1,4096]]",0.05,0.3
0,MatMulV2,AI_CORE,AI_CORE,1704161512664827.500,4215.599,337.248,24,"[[1,1024],[1024,4096]]","[[1,4096]]",0.72,0.38
0,FusedInferAttentionScore,AI_CORE,AI_CORE,1704161512669043.000,2669.521,213.562,24,"[[1,1024],[1024,4096]]","[[1,4096]]",0.72,0.38
0,RmsNorm,AI_VECTOR_CORE,AI_VECTOR_CORE,1704161512671712.500,217.258,17.381,24,"[[1,1024],[1024,4096]]","[[1,4096]]",0.05,0.3
0,MatMulV2,AI_CORE,AI_CORE,1704161512671929.750,4517.204,361.376,24,"[[1,1024],[1024,4096]]","[[1,4096]]",0.72,0.38
0,FusedInferAttentionScore,AI_CORE,AI_CORE,1704161512676447.000,2652.479,212.198,24,"[[1,1024],[1024,4096]]","[[1,4096]]",0.72,0.38
0,RmsNorm,AI_VECTOR_CORE,AI_VECTOR_CORE,1704161512679099.500,228.020,18.242,24,"[[1,1024],[1024,4096]]","[[1,4096]]",0.05,0.3
0,MatMulV2,AI_CORE,AI_CORE,1704161512679327.500,3912.084,312.967,24,"[[1,1024],[1024,4096]]","[[1,4096]]",0.72,0.38
0,FusedInferAttentionScore,AI_CORE,AI_CORE,1704161512683239.500,2691.397,215.312,24,"[[1,1024],[1024,4096]]","[[1,4096]]",0.72,0.38
0,RmsNorm,AI_VECTOR_CORE,AI_VECTOR_CORE,1704161512685931.000,218.438,17.475,24,"[[1,1024],[1024,4096]]","[[1,4096]]",0.05,0.3
0,MatMulV2,AI_CORE,AI_CORE,1704161512686149.500,3876.177,310.094,24,"[[1,1024],[1024,4096]]","[[1,4096]]",0.72,0.38
0,FusedInferAttentionScore,AI_CORE,AI_CORE,1704161512690025.750,2390.945,191.276,24,"[[1,1024],[1024,4096]]","[[1,4096]]",0.72,0.38
0,RmsNorm,AI_VECTOR_CORE,AI_VECTOR_CORE,1704161512692416.750,217.996,17.440,24,"[[1,1024],[1024,4096]]","[[1,4096]]",0.05,0.3
0,MatMulV2,AI_CORE,AI_CORE,1704161512692634.750,4559.442,364.755,24,"[[1,1024],[1024,4096]]","[[1,4096]]",0.72,0.38
0,FusedInferAttentionScore,AI_CORE,AI_CORE,1704161512697194.250,2745.349,219.628,24,"[[1,1024],[1024,4096]]","[[1,4096]]",0.72,0.38
0,RmsNorm,AI_VECTOR_CORE,AI_VECTOR_CORE,1704161512699939.500,193.397,15.472,24,"[[1,1024],[1024,4096]]","[[1,4096]]",0.05,0.3
0,MatMulV2,AI_CORE,AI_CORE,1704161512700133.000,3861.006,308.880,24,"[[1,1024],[1024,4096]]","[[1,4096]]",0.72,0.38
0,FusedInferAttentionScore,AI_CORE,AI_CORE,1704161512703994.000,2514.299,201.144,24,"[[1,1024],[1024,4096]]","[[1,4096]]",0.72,0.38
0,RmsNorm,AI_VECTOR_CORE,AI_VECTOR_CORE,1704161512706508.250,205.336,16.427,24,"[[1,1024],[1024,4096]]","[[1,4096]]",0.05,0.3
0,MatMulV2,AI_CORE,AI_CORE,1704161512706713.500,4012.634,321.011,24,"[[1,1024],[1024,4096]]","[[1,4096]]",0.72,0.38
0,FusedInferAttentionScore,AI_CORE,AI_CORE,1704161512710726.250,2762.945,221.036,24,"[[1,1024],[1024,4096]]","[[1,4096]]",0.72,0.38
0,RmsNorm,AI_VECTOR_CORE,AI_VECTOR_CORE,1704161512713489.250,195.878,15.670,24,"[[1,1024],[1024,4096]]","[[1,4096]]",0.05,0.3
0,MatMulV2,AI_CORE,AI_CORE,1704161512713685.250,4578.642,366.291,24,"[[1,1024],[1024,4096]]","[[1,4096]]",0.72,0.38
0,FusedInferAttentionScore,AI_CORE,AI_CORE,1704161512718264.000,2706.632,216.531,24,"[[1,1024],[1024,4096]]","[[1,4096]]",0.72,0.38
0,RmsNorm,AI_VECTOR_CORE,AI_VECTOR_CORE,1704161512720970.750,205.766,16.461,24,"[[1,1024],[1024,4096]]","[[1,4096]]",0.05,0.3
0,MatMulV2,AI_CORE,AI_CORE,1704161512721176.500,3830.384,306.431,24,"[[1,1024],[1024,4096]]","[[1,4096]]",0.72,0.38
0,FusedInferAttentionScore,AI_CORE,AI_CORE,1704161512725007.000,2370.973,189.678,24,"[[1,1024],[1024,4096]]","[[1,4096]]",0.72,0.38
0,RmsNorm,AI_VECTOR_CORE,AI_VECTOR_CORE,1704161512727378.000,245.960,19.677,24,"[[1,1024],[1024,4096]]","[[1,4096]]",0.05,0.3
0,MatMulV2,AI_CORE,AI_CORE,1704161512727624.000,3783.430,302.674,24,"[[1,1024],[1024,4096]]","[[1,4096]]",0.72,0.38
0,FusedInferAttentionScore,AI_CORE,AI_CORE,1704161512731407.500,2747.914,219.833,24,"[[1,1024],[1024,4096]]","[[1,4096]]",0.72,0.38
0,RmsNorm,AI_VECTOR_CORE,AI_VECTOR_CORE,1704161512734155.500,244.737,19.579,24,"[[1,1024],[1024,4096]]","[[1,4096]]",0.05,0.3
0,MatMulV2,AI_CORE,AI_CORE,1704161512734400.250,4315.568,345.245,24,"[[1,1024],[1024,4096]]","[[1,4096]]",0.72,0.38
0,FusedInferAttentionScore,AI_CORE,AI_CORE,1704161512738715.750,2578.389,206.271,24,"[[1,1024],[1024,4096]]","[[1,4096]]",0.72,0.38
0,RmsNorm,AI_VECTOR_CORE,AI_VECTOR_CORE,1704161512741294.250,176.649,14.132,24,"[[1,1024],[1024,4096]]","[[1,4096]]",0.05,0.3
0,MatMulV2,AI_CORE,AI_CORE,1704161512741471.000,3913.750,313.100,24,"[[1,1024],[1024,4096]]","[[1,4096]]",0.72,0.38
0,FusedInferAttentionScore,AI_CORE,AI_CORE,1704161512745384.750,2462.203,196.976,24,"[[1,1024],[1024,4096]]","[[1,4096]]",0.72,0.38
0,RmsNorm,AI_VECTOR_CORE,AI_VECTOR_CORE,1704161512747847.000,248.654,19.892,24,"[[1,1024],[1024,4096]]","[[1,4096]]",0.05,0.3
0,MatMulV2,AI_CORE,AI_CORE,1704161512748095.750,3808.106,304.648,24,"[[1,1024],[1024,4096]]","[[1,4096]]",0.72,0.38
0,FusedInferAttentionScore,AI_CORE,AI_CORE,1704161512751903.750,2685.773,214.862,24,"[[1,1024],[1024,4096]]","[[1,4096]]",0.72,0.38
0,RmsNorm,AI_VECTOR_CORE,AI_VECTOR_CORE,1704161512754589.500,199.740,15.979,24,"[[1,1024],[1024,4096]]","[[1,4096]]",0.05,0.3
0,MatMulV2,AI_CORE,AI_CORE,1704161512754789.250,4061.158,324.893,24,"[[1,1024],[1024,4096]]","[[1,4096]]",0.72,0.38
0,FusedInferAttentionScore,AI_CORE,AI_CORE,1704161512758850.500,2608.341,208.667,24,"[[1,1024],[1024,4096]]","[[1,4096]]",0.72,0.38
0,RmsNorm,AI_VECTOR_CORE,AI_VECTOR_CORE,1704161512761458.750,235.349,18.828,24,"[[1,1024],[1024,4096]]","[[1,4096]]",0.05,0.3
0,MatMulV2,AI_CORE,AI_CORE,1704161512761694.000,3910.351,312.828,24,"[[1,1024],[1024,4096]]","[[1,4096]]",0.72,0.38
0,FusedInferAttentionScore,AI_CORE,AI_CORE,1704161512765604.250,2817.284,225.383,24,"[[1,1024],[1024,4096]]","[[1,4096]]",0.72,0.38
0,RmsNorm,AI_VECTOR_CORE,AI_VECTOR_CORE,1704161512768421.500,174.912,13.993,24,"[[1,1024],[1024,4096]]","[[1,4096]]",0.05,0.3
0,MatMulV2,AI_CORE,AI_CORE,1704161512768596.500,4592.029,367.362,24,"[[1,1024],[1024,4096]]","[[1,4096]]",0.72,0.38
0,FusedInferAttentionScore,AI_CORE,AI_CORE,1704161512773188.500,2553.162,204.253,24,"[[1,1024],[1024,4096]]","[[1,4096]]",0.72,0.38
0,RmsNorm,AI_VECTOR_CORE,AI_VECTOR_CORE,1704161512775741.750,215.811,17.265,24,"[[1,1024],[1024,4096]]","[[1,4096]]",0.05,0.3
