Device_id,Name,Input Shapes,Call Stack,Host Self Duration(us),Host Total Duration(us),Device Self Duration(us),Device Total Duration(us),mac_ratio,mte2_ratio
0,MatMulV2,"[[1,1024],[1024,4096]]",vllm/worker/model_runner.py:1234,6.5,9.8,3945.038,3949.038,0.72,0.38
0,FusedInferAttentionScore,"[[1,1024],[1024,4096]]",vllm/worker/model_runner.py:1234,6.5,9.8,2662.945,2666.945,0.72,0.38
0,RmsNorm,"[[1,1024],[1024,4096]]",vllm/worker/model_runner.py:1234,6.5,9.8,214.254,218.254,0.72,0.38
0,AllReduce,"[[1,1024],[1024,4096]]",vllm/worker/model_runner.py:1234,6.5,9.8,173.005,177.005,0.72,0.38
0,aclrtMemcpyAsync_D2H,"[[1,1024],[1024,4096]]",vllm/worker/model_runner.py:1234,6.5,9.8,60,64,0.72,0.38
0,MatMulV2,"[[1,1024],[1024,4096]]",vllm/worker/model_runner.py:1234,6.5,9.8,4424.575,4428.575,0.72,0.38
0,FusedInferAttentionScore,"[[1,1024],[1024,4096]]",vllm/worker/model_runner.py:1234,6.5,9.8,2441.631,2445.631,0.72,0.38
0,RmsNorm,"[[1,1024],[1024,4096]]",vllm/worker/model_runner.py:1234,6.5,9.8,207.626,211.626,0.72,0.38
0,AllReduce,"[[1,1024],[1024,4096]]",vllm/worker/model_runner.py:1234,6.5,9.8,183.689,187.689,0.72,0.38
0,MatMulV2,"[[1,1024],[1024,4096]]",vllm/worker/model_runner.py:1234,6.5,9.8,3921.619,3925.619,0.72,0.38
0,FusedInferAttentionScore,"[[1,1024],[1024,4096]]",vllm/worker/model_runner.py:1234,6.5,9.8,2546.697,2550.697,0.72,0.38
0,RmsNorm,"[[1,1024],[1024,4096]]",vllm/worker/model_runner.py:1234,6.5,9.8,234.388,238.388,0.72,0.38
0,AllReduce,"[[1,1024],[1024,4096]]",vllm/worker/model_runner.py:1234,6.5,9.8,179.724,183.724,0.72,0.38
0,MatMulV2,"[[1,1024],[1024,4096]]",vllm/worker/model_runner.py:1234,6.5,9.8,3888.929,3892.929,0.72,0.38
0,FusedInferAttentionScore,"[[1,1024],[1024,4096]]",vllm/worker/model_runner.py:1234,6.5,9.8,2357.674,2361.674,0.72,0.38
0,RmsNorm,"[[1,1024],[1024,4096]]",vllm/worker/model_runner.py:1234,6.5,9.8,190.181,194.181,0.72,0.38
0,AllReduce,"[[1,1024],[1024,4096]]",vllm/worker/model_runner.py:1234,6.5,9.8,167.019,171.019,0.72,0.38
0,MatMulV2,"[[1,1024],[1024,4096]]",vllm/worker/model_runner.py:1234,6.5,9.8,4148.845,4152.845,0.72,0.38
0,FusedInferAttentionScore,"[[1,1024],[1024,4096]]",vllm/worker/model_runner.py:1234,6.5,9.8,2436.145,2440.145,0.72,0.38
0,RmsNorm,"[[1,1024],[1024,4096]]",vllm/worker/model_runner.py:1234,6.5,9.8,233.36,237.36,0.72,0.38
0,AllReduce,"[[1,1024],[1024,4096]]",vllm/worker/model_runner.py:1234,6.5,9.8,192.817,196.817,0.72,0.38
0,MatMulV2,"[[1,1024],[1024,4096]]",vllm/worker/model_runner.py:1234,6.5,9.8,3935.545,3939.545,0.72,0.38
0,FusedInferAttentionScore,"[[1,1024],[1024,4096]]",vllm/worker/model_runner.py:1234,6.5,9.8,2692.197,2696.197,0.72,0.38
0,RmsNorm,"[[1,1024],[1024,4096]]",vllm/worker/model_runner.py:1234,6.5,9.8,249.908,253.908,0.72,0.38
0,AllReduce,"[[1,1024],[1024,4096]]",vllm/worker/model_runner.py:1234,6.5,9.8,175.885,179.885,0.72,0.38
0,MatMulV2,"[[1,1024],[1024,4096]]",vllm/worker/model_runner.py:1234,6.5,9.8,4329.379,4333.379,0.72,0.38
0,FusedInferAttentionScore,"[[1,1024],[1024,4096]]",vllm/worker/model_runner.py:1234,6.5,9.8,2653.716,2657.716,0.72,0.38
0,RmsNorm,"[[1,1024],[1024,4096]]",vllm/worker/model_runner.py:1234,6.5,9.8,248.34,252.34,0.72,0.38
0,AllReduce,"[[1,1024],[1024,4096]]",vllm/worker/model_runner.py:1234,6.5,9.8,184.068,188.068,0.72,0.38
0,MatMulV2,"[[1,1024],[1024,4096]]",vllm/worker/model_runner.py:1234,6.5,9.8,4011.383,4015.383,0.72,0.38
0,FusedInferAttentionScore,"[[1,1024],[1024,4096]]",vllm/worker/model_runner.py:1234,6.5,9.8,2839.168,2843.168,0.72,0.38
0,RmsNorm,"[[1,1024],[1024,4096]]",vllm/worker/model_runner.py:1234,6.5,9.8,173.907,177.907,0.72,0.38
0,AllReduce,"[[1,1024],[1024,4096]]",vllm/worker/model_runner.py:1234,6.5,9.8,194.514,198.514,0.72,0.38
0,MatMulV2,"[[1,1024],[1024,4096]]",vllm/worker/model_runner.py:1234,6.5,9.8,3996.132,4000.132,0.72,0.38
0,FusedInferAttentionScore,"[[1,1024],[1024,4096]]",vllm/worker/model_runner.py:1234,6.5,9.8,2724.473,2728.473,0.72,0.38
0,RmsNorm,"[[1,1024],[1024,4096]]",vllm/worker/model_runner.py:1234,6.5,9.8,172.415,176.415,0.72,0.38
0,AllReduce,"[[1,1024],[1024,4096]]",vllm/worker/model_runner.py:1234,6.5,9.8,180.892,184.892,0.72,0.38
0,MatMulV2,"[[1,1024],[1024,4096]]",vllm/worker/model_runner.py:1234,6.5,9.8,4451.027,4455.027,0.72,0.38
0,FusedInferAttentionScore,"[[1,1024],[1024,4096]]",vllm/worker/model_runner.py:1234,6.5,9.8,2364.612,2368.612,0.72,0.38
0,RmsNorm,"[[1,1024],[1024,4096]]",vllm/worker/model_runner.py:1234,6.5,9.8,170.965,174.965,0.72,0.38
0,AllReduce,"[[1,1024],[1024,4096]]",vllm/worker/model_runner.py:1234,6.5,9.8,192.907,196.907,0.72,0.38
0,MatMulV2,"[[1,1024],[1024,4096]]",vllm/worker/model_runner.py:1234,6.5,9.8,3800.153,3804.153,0.72,0.38
0,FusedInferAttentionScore,"[[1,1024],[1024,4096]]",vllm/worker/model_runner.py:1234,6.5,9.8,2380.576,2384.576,0.72,0.38
0,RmsNorm,"[[1,1024],[1024,4096]]",vllm/worker/model_runner.py:1234,6.5,9.8,183.94,187.94,0.72,0.38
0,AllReduce,"[[1,1024],[1024,4096]]",vllm/worker/model_runner.py:1234,6.5,9.8,174.431,178.431,0.72,0.38
0,MatMulV2,"[[1,1024],[1024,4096]]",vllm/worker/model_runner.py:1234,6.5,9.8,3800.835,3804.835,0.72,0.38
0,FusedInferAttentionScore,"[[1,1024],[1024,4096]]",vllm/worker/model_runner.py:1234,6.5,9.8,2352.308,2356.308,0.72,0.38
0,RmsNorm,"[[1,1024],[1024,4096]]",vllm/worker/model_runner.py:1234,6.5,9.8,169.531,173.531,0.72,0.38
0,AllReduce,"[[1,1024],[1024,4096]]",vllm/worker/model_runner.py:1234,6.5,9.8,175.562,179.562,0.72,0.38
0,MatMulV2,"[[1,1024],[1024,4096]]",vllm/worker/model_runner.py:1234,6.5,9.8,4331.016,4335.016,0.72,0.38
0,FusedInferAttentionScore,"[[1,1024],[1024,4096]]",vllm/worker/model_runner.py:1234,6.5,9.8,2468.227,2472.227,0.72,0.38
0,RmsNorm,"[[1,1024],[1024,4096]]",vllm/worker/model_runner.py:1234,6.5,9.8,215.14,219.14,0.72,0.38
0,AllReduce,"[[1,1024],[1024,4096]]",vllm/worker/model_runner.py:1234,6.5,9.8,182.911,186.911,0.72,0.38
0,MatMulV2,"[[1,1024],[1024,4096]]",vllm/worker/model_runner.py:1234,6.5,9.8,4595.574,4599.574,0.72,0.38
0,FusedInferAttentionScore,"[[1,1024],[1024,4096]]",vllm/worker/model_runner.py:1234,6.5,9.8,2491.996,2495.996,0.72,0.38
0,RmsNorm,"[[1,1024],[1024,4096]]",vllm/worker/model_runner.py:1234,6.5,9.8,170.945,174.945,0.72,0.38
0,AllReduce,"[[1,1024],[1024,4096]]",vllm/worker/model_runner.py:1234,6.5,9.8,169.454,173.454,0.72,0.38
0,MatMulV2,"[[1,1024],[1024,4096]]",vllm/worker/model_runner.py:1234,6.5,9.8,4149.715,4153.715,0.72,0.38
0,FusedInferAttentionScore,"[[1,1024],[1024,4096]]",vllm/worker/model_runner.py:1234,6.5,9.8,2637.129,2641.129,0.72,0.38
0,RmsNorm,"[[1,1024],[1024,4096]]",vllm/worker/model_runner.py:1234,6.5,9.8,223.963,227.963,0.72,0.38
0,AllReduce,"[[1,1024],[1024,4096]]",vllm/worker/model_runner.py:1234,6.5,9.8,182.237,186.237,0.72,0.38
0,MatMulV2,"[[1,1024],[1024,4096]]",vllm/worker/model_runner.py:1234,6.5,9.8,4067.562,4071.562,0.72,0.38
0,FusedInferAttentionScore,"[[1,1024],[1024,4096]]",vllm/worker/model_runner.py:1234,6.5,9.8,2750.079,2754.079,0.72,0.38
0,RmsNorm,"[[1,1024],[1024,4096]]",vllm/worker/model_runner.py:1234,6.5,9.8,229.912,233.912,0.72,0.38
0,AllReduce,"[[1,1024],[1024,4096]]",vllm/worker/model_runner.py:1234,6.5,9.8,187.261,191.261,0.72,0.38
0,MatMulV2,"[[1,1024],[1024,4096]]",vllm/worker/model_runner.py:1234,6.5,9.8,4594.055,4598.055,0.72,0.38
0,FusedInferAttentionScore,"[[1,1024],[1024,4096]]",vllm/worker/model_runner.py:1234,6.5,9.8,2572.433,2576.433,0.72,0.38
0,RmsNorm,"[[1,1024],[1024,4096]]",vllm/worker/model_runner.py:1234,6.5,9.8,177.181,181.181,0.72,0.38
0,AllReduce,"[[1,1024],[1024,4096]]",vllm/worker/model_runner.py:1234,6.5,9.8,191.853,195.853,0.72,0.38
0,MatMulV2,"[[1,1024],[1024,4096]]",vllm/worker/model_runner.py:1234,6.5,9.8,4228.309,4232.309,0.72,0.38
0,FusedInferAttentionScore,"[[1,1024],[1024,4096]]",vllm/worker/model_runner.py:1234,6.5,9.8,2342.823,2346.823,0.72,0.38
0,RmsNorm,"[[1,1024],[1024,4096]]",vllm/worker/model_runner.py:1234,6.5,9.8,230.233,234.233,0.72,0.38
0,AllReduce,"[[1,1024],[1024,4096]]",vllm/worker/model_runner.py:1234,6.5,9.8,165.84,169.84,0.72,0.38
0,MatMulV2,"[[1,1024],[1024,4096]]",vllm/worker/model_runner.py:1234,6.5,9.8,4556.537,4560.537,0.72,0.38
0,FusedInferAttentionScore,"[[1,1024],[1024,4096]]",vllm/worker/model_runner.py:1234,6.5,9.8,2609.198,2613.198,0.72,0.38
0,RmsNorm,"[[1,1024],[1024,4096]]",vllm/worker/model_runner.py:1234,6.5,9.8,248.739,252.739,0.72,0.38
0,AllReduce,"[[1,1024],[1024,4096]]",vllm/worker/model_runner.py:1234,6.5,9.8,191.835,195.835,0.72,0.38
0,MatMulV2,"[[1,1024],[1024,4096]]",vllm/worker/model_runner.py:1234,6.5,9.8,4362.66,4366.66,0.72,0.38
0,FusedInferAttentionScore,"[[1,1024],[1024,4096]]",vllm/worker/model_runner.py:1234,6.5,9.8,2772.066,2776.066,0.72,0.38
0,RmsNorm,"[[1,1024],[1024,4096]]",vllm/worker/model_runner.py:1234,6.5,9.8,211.774,215.774,0.72,0.38
0,AllReduce,"[[1,1024],[1024,4096]]",vllm/worker/model_runner.py:1234,6.5,9.8,167.952,171.952,0.72,0.38
0,MatMulV2,"[[1,1024],[1024,4096]]",vllm/worker/model_runner.py:1234,6.5,9.8,4554.754,4558.754,0.72,0.38
0,FusedInferAttentionScore,"[[1,1024],[1024,4096]]",vllm/worker/model_runner.py:1234,6.5,9.8,2689.341,2693.341,0.72,0.38
0,RmsNorm,"[[1,1024],[1024,4096]]",vllm/worker/model_runner.py:1234,6.5,9.8,225.361,229.361,0.72,0.38
0,AllReduce,"[[1,1024],[1024,4096]]",vllm/worker/model_runner.py:1234,6.5,9.8,195.25,199.25,0.72,0.38
0,MatMulV2,"[[1,1024],[1024,4096]]",vllm/worker/model_runner.py:1234,6.5,9.8,4495.429,4499.429,0.72,0.38
0,FusedInferAttentionScore,"[[1,1024],[1024,4096]]",vllm/worker/model_runner.py:1234,6.5,9.8,2443.416,2447.416,0.72,0.38
0,RmsNorm,"[[1,1024],[1024,4096]]",vllm/worker/model_runner.py:1234,6.5,9.8,240.702,244.702,0.72,0.38
0,AllReduce,"[[1,1024],[1024,4096]]",vllm/worker/model_runner.py:1234,6.5,9.8,163.241,167.241,0.72,0.38
0,MatMulV2,"[[1,1024],[1024,4096]]",vllm/worker/model_runner.py:1234,6.5,9.8,4134.282,4138.282,0.72,0.38
0,FusedInferAttentionScore,"[[1,1024],[1024,4096]]",vllm/worker/model_runner.py:1234,6.5,9.8,2781.088,2785.088,0.72,0.38
0,RmsNorm,"[[1,1024],[1024,4096]]",vllm/worker/model_runner.py:1234,6.5,9.8,219.397,223.397,0.72,0.38
0,AllReduce,"[[1,1024],[1024,4096]]",vllm/worker/model_runner.py:1234,6.5,9.8,187.751,191.751,0.72,0.38
0,MatMulV2,"[[1,1024],[1024,4096]]",vllm/worker/model_runner.py:1234,6.5,9.8,3870.547,3874.547,0.72,0.38
0,FusedInferAttentionScore,"[[1,1024],[1024,4096]]",vllm/worker/model_runner.py:1234,6.5,9.8,2626.957,2630.957,0.72,0.38
0,RmsNorm,"[[1,1024],[1024,4096]]",vllm/worker/model_runner.py:1234,6.5,9.8,242.954,246.954,0.72,0.38
0,AllReduce,"[[1,1024],[1024,4096]]",vllm/worker/model_runner.py:1234,6.5,9.8,180.46,184.46,0.72,0.38
0,MatMulV2,"[[1,1024],[1024,4096]]",vllm/worker/model_runner.py:1234,6.5,9.8,4364.065,4368.065,0.72,0.38
0,FusedInferAttentionScore,"[[1,1024],[1024,4096]]",vllm/worker/model_runner.py:1234,6.5,9.8,2680.93,2684.93,0.72,0.38
0,RmsNorm,"[[1,1024],[1024,4096]]",vllm/worker/model_runner.py:1234,6.5,9.8,168.927,172.927,0.72,0.38
0,AllReduce,"[[1,1024],[1024,4096]]",vllm/worker/model_runner.py:1234,6.5,9.8,186.433,190.433,0.72,0.38
0,MatMulV2,"[[1,1024],[1024,4096]]",vllm/worker/model_runner.py:1234,6.5,9.8,4522.697,4526.697,0.72,0.38
0,FusedInferAttentionScore,"[[1,1024],[1024,4096]]",vllm/worker/model_runner.py:1234,6.5,9.8,2400.451,2404.451,0.72,0.38
0,RmsNorm,"[[1,1024],[1024,4096]]",vllm/worker/model_runner.py:1234,6.5,9.8,220.966,224.966,0.72,0.38
0,AllReduce,"[[1,1024],[1024,4096]]",vllm/worker/model_runner.py:1234,6.5,9.8,182.947,186.947,0.72,0.38
0,MatMulV2,"[[1,1024],[1024,4096]]",vllm/worker/model_runner.py:1234,6.5,9.8,4504.311,4508.311,0.72,0.38
0,FusedInferAttentionScore,"[[1,1024],[1024,4096]]",vllm/worker/model_runner.py:1234,6.5,9.8,2758.077,2762.077,0.72,0.38
0,RmsNorm,"[[1,1024],[1024,4096]]",vllm/worker/model_runner.py:1234,6.5,9.8,225.114,229.114,0.72,0.38
0,AllReduce,"[[1,1024],[1024,4096]]",vllm/worker/model_runner.py:1234,6.5,9.8,165.934,169.934,0.72,0.38
0,MatMulV2,"[[1,1024],[1024,4096]]",vllm/worker/model_runner.py:1234,6.5,9.8,3981.46,3985.46,0.72,0.38
0,FusedInferAttentionScore,"[[1,1024],[1024,4096]]",vllm/worker/model_runner.py:1234,6.5,9.8,2855.04,2859.04,0.72,0.38
0,RmsNorm,"[[1,1024],[1024,4096]]",vllm/worker/model_runner.py:1234,6.5,9.8,181.651,185.651,0.72,0.38
0,AllReduce,"[[1,1024],[1024,4096]]",vllm/worker/model_runner.py:1234,6.5,9.8,171.352,175.352,0.72,0.38
0,MatMulV2,"[[1,1024],[1024,4096]]",vllm/worker/model_runner.py:1234,6.5,9.8,4606.882,4610.882,0.72,0.38
0,FusedInferAttentionScore,"[[1,1024],[1024,4096]]",vllm/worker/model_runner.py:1234,6.5,9.8,2521.406,2525.406,0.72,0.38
0,RmsNorm,"[[1,1024],[1024,4096]]",vllm/worker/model_runner.py:1234,6.5,9.8,178.803,182.803,0.72,0.38
0,AllReduce,"[[1,1024],[1024,4096]]",vllm/worker/model_runner.py:1234,6.5,9.8,175.786,179.786,0.72,0.38
0,MatMulV2,"[[1,1024],[1024,4096]]",vllm/worker/model_runner.py:1234,6.5,9.8,3987.949,3991.949,0.72,0.38
0,FusedInferAttentionScore,"[[1,1024],[1024,4096]]",vllm/worker/model_runner.py:1234,6.5,9.8,2363.454,2367.454,0.72,0.38
0,RmsNorm,"[[1,1024],[1024,4096]]",vllm/worker/model_runner.py:1234,6.5,9.8,195.625,199.625,0.72,0.38
0,AllReduce,"[[1,1024],[1024,4096]]",vllm/worker/model_runner.py:1234,6.5,9.8,189.612,193.612,0.72,0.38
0,MatMulV2,"[[1,1024],[1024,4096]]",vllm/worker/model_runner.py:1234,6.5,9.8,3968.181,3972.181,0.72,0.38
0,FusedInferAttentionScore,"[[1,1024],[1024,4096]]",vllm/worker/model_runner.py:1234,6.5,9.8,2728.92,2732.92,0.72,0.38
0,RmsNorm,"[[1,1024],[1024,4096]]",vllm/worker/model_runner.py:1234,6.5,9.8,194.373,198.373,0.72,0.38
0,AllReduce,"[[1,1024],[1024,4096]]",vllm/worker/model_runner.py:1234,6.5,9.8,181.013,185.013,0.72,0.38
0,MatMulV2,"[[1,1024],[1024,4096]]",vllm/worker/model_runner.py:1234,6.5,9.8,4143.956,4147.956,0.72,0.38
0,FusedInferAttentionScore,"[[1,1024],[1024,4096]]",vllm/worker/model_runner.py:1234,6.5,9.8,2670.706,2674.706,0.72,0.38
0,RmsNorm,"[[1,1024],[1024,4096]]",vllm/worker/model_runner.py:1234,6.5,9.8,251.68,255.68,0.72,0.38
0,AllReduce,"[[1,1024],[1024,4096]]",vllm/worker/model_runner.py:1234,6.5,9.8,162.18,166.18,0.72,0.38
0,MatMulV2,"[[1,1024],[1024,4096]]",vllm/worker/model_runner.py:1234,6.5,9.8,4463.677,4467.677,0.72,0.38
0,FusedInferAttentionScore,"[[1,1024],[1024,4096]]",vllm/worker/model_runner.py:1234,6.5,9.8,2772.303,2776.303,0.72,0.38
0,RmsNorm,"[[1,1024],[1024,4096]]",vllm/worker/model_runner.py:1234,6.5,9.8,212.672,216.672,0.72,0.38
0,AllReduce,"[[1,1024],[1024,4096]]",vllm/worker/model_runner.py:1234,6.5,9.8,195.623,199.623,0.72,0.38
0,aclrtMemcpyAsync_D2H,"[[1,1024],[1024,4096]]",vllm/worker/model_runner.py:1234,6.5,9.8,60,64,0.72,0.38
0,MatMulV2,"[[1,1024],[1024,4096]]",vllm/worker/model_runner.py:1234,6.5,9.8,4077.805,4081.805,0.72,0.38
0,FusedInferAttentionScore,"[[1,1024],[1024,4096]]",vllm/worker/model_runner.py:1234,6.5,9.8,2696.596,2700.596,0.72,0.38
0,RmsNorm,"[[1,1024],[1024,4096]]",vllm/worker/model_runner.py:1234,6.5,9.8,227.195,231.195,0.72,0.38
0,AllReduce,"[[1,1024],[1024,4096]]",vllm/worker/model_runner.py:1234,6.5,9.8,184.567,188.567,0.72,0.38
0,MatMulV2,"[[1,1024],[1024,4096]]",vllm/worker/model_runner.py:1234,6.5,9.8,4397.264,4401.264,0.72,0.38
0,FusedInferAttentionScore,"[[1,1024],[1024,4096]]",vllm/worker/model_runner.py:1234,6.5,9.8,2572.757,2576.757,0.72,0.38
0,RmsNorm,"[[1,1024],[1024,4096]]",vllm/worker/model_runner.py:1234,6.5,9.8,228.919,232.919,0.72,0.38
0,AllReduce,"[[1,1024],[1024,4096]]",vllm/worker/model_runner.py:1234,6.5,9.8,165.003,169.003,0.72,0.38
0,MatMulV2,"[[1,1024],[1024,4096]]",vllm/worker/model_runner.py:1234,6.5,9.8,4441.548,4445.548,0.72,0.38
0,FusedInferAttentionScore,"[[1,1024],[1024,4096]]",vllm/worker/model_runner.py:1234,6.5,9.8,2596.138,2600.138,0.72,0.38
0,RmsNorm,"[[1,1024],[1024,4096]]",vllm/worker/model_runner.py:1234,6.5,9.8,226.124,230.124,0.72,0.38
0,AllReduce,"[[1,1024],[1024,4096]]",vllm/worker/model_runner.py:1234,6.5,9.8,168.8,172.8,0.72,0.38
0,MatMulV2,"[[1,1024],[1024,4096]]",vllm/worker/model_runner.py:1234,6.5,9.8,4144.138,4148.138,0.72,0.38
0,FusedInferAttentionScore,"[[1,1024],[1024,4096]]",vllm/worker/model_runner.py:1234,6.5,9.8,2585.544,2589.544,0.72,0.38
0,RmsNorm,"[[1,1024],[1024,4096]]",vllm/worker/model_runner.py:1234,6.5,9.8,251.234,255.234,0.72,0.38
0,AllReduce,"[[1,1024],[1024,4096]]",vllm/worker/model_runner.py:1234,6.5,9.8,186.499,190.499,0.72,0.38
0,MatMulV2,"[[1,1024],[1024,4096]]",vllm/worker/model_runner.py:1234,6.5,9.8,3921.474,3925.474,0.72,0.38
0,FusedInferAttentionScore,"[[1,1024],[1024,4096]]",vllm/worker/model_runner.py:1234,6.5,9.8,2853.274,2857.274,0.72,0.38
0,RmsNorm,"[[1,1024],[1024,4096]]",vllm/worker/model_runner.py:1234,6.5,9.8,211.283,215.283,0.72,0.38
0,AllReduce,"[[1,1024],[1024,4096]]",vllm/worker/model_runner.py:1234,6.5,9.8,165.555,169.555,0.72,0.38
0,MatMulV2,"[[1,1024],[1024,4096]]",vllm/worker/model_runner.py:1234,6.5,9.8,4321.508,4325.508,0.72,0.38
0,FusedInferAttentionScore,"[[1,1024],[1024,4096]]",vllm/worker/model_runner.py:1234,6.5,9.8,2855.509,2859.509,0.72,0.38
0,RmsNorm,"[[1,1024],[1024,4096]]",vllm/worker/model_runner.py:1234,6.5,9.8,243.111,247.111,0.72,0.38
0,AllReduce,"[[1,1024],[1024,4096]]",vllm/worker/model_runner.py:1234,6.5,9.8,174.677,178.677,0.72,0.38
0,MatMulV2,"[[1,1024],[1024,4096]]",vllm/worker/model_runner.py:1234,6.5,9.8,4399.944,4403.944,0.72,0.38
0,FusedInferAttentionScore,"[[1,1024],[1024,4096]]",vllm/worker/model_runner.py:1234,6.5,9.8,2343.689,2347.689,0.72,0.38
0,RmsNorm,"[[1,1024],[1024,4096]]",vllm/worker/model_runner.py:1234,6.5,9.8,230.621,234.621,0.72,0.38
0,AllReduce,"[[1,1024],[1024,4096]]",vllm/worker/model_runner.py:1234,6.5,9.8,165.611,169.611,0.72,0.38
0,MatMulV2,"[[1,1024],[1024,4096]]",vllm/worker/model_runner.py:1234,6.5,9.8,4402.301,4406.301,0.72,0.38
0,FusedInferAttentionScore,"[[1,1024],[1024,4096]]",vllm/worker/model_runner.py:1234,6.5,9.8,2587.477,2591.477,0.72,0.38
0,RmsNorm,"[[1,1024],[1024,4096]]",vllm/worker/model_runner.py:1234,6.5,9.8,186.385,190.385,0.72,0.38
0,AllReduce,"[[1,1024],[1024,4096]]",vllm/worker/model_runner.py:1234,6.5,9.8,176.649,180.649,0.72,0.38
0,MatMulV2,"[[1,1024],[1024,4096]]",vllm/worker/model_runner.py:1234,6.5,9.8,4259.92,4263.92,0.72,0.38
0,FusedInferAttentionScore,"[[1,1024],[1024,4096]]",vllm/worker/model_runner.py:1234,6.5,9.8,2769.964,2773.964,0.72,0.38
0,RmsNorm,"[[1,1024],[1024,4096]]",vllm/worker/model_runner.py:1234,6.5,9.8,196.945,200.945,0.72,0.38
0,AllReduce,"[[1,1024],[1024,4096]]",vllm/worker/model_runner.py:1234,6.5,9.8,175.193,179.193,0.72,0.38
0,MatMulV2,"[[1,1024],[1024,4096]]",vllm/worker/model_runner.py:1234,6.5,9.8,3898.046,3902.046,0.72,0.38
0,FusedInferAttentionScore,"[[1,1024],[1024,4096]]",vllm/worker/model_runner.py:1234,6.5,9.8,2385.711,2389.711,0.72,0.38
0,RmsNorm,"[[1,1024],[1024,4096]]",vllm/worker/model_runner.py:1234,6.5,9.8,248.081,252.081,0.72,0.38
0,AllReduce,"[[1,1024],[1024,4096]]",vllm/worker/model_runner.py:1234,6.5,9.8,185.682,189.682,0.72,0.38
0,MatMulV2,"[[1,1024],[1024,4096]]",vllm/worker/model_runner.py:1234,6.5,9.8,4004.1,4008.1,0.72,0.38
0,FusedInferAttentionScore,"[[1,1024],[1024,4096]]",vllm/worker/model_runner.py:1234,6.5,9.8,2402.28,2406.28,0.72,0.38
0,RmsNorm,"[[1,1024],[1024,4096]]",vllm/worker/model_runner.py:1234,6.5,9.8,183.398,187.398,0.72,0.38
0,AllReduce,"[[1,1024],[1024,4096]]",vllm/worker/model_runner.py:1234,6.5,9.8,170.196,174.196,0.72,0.38
0,MatMulV2,"[[1,1024],[1024,4096]]",vllm/worker/model_runner.py:1234,6.5,9.8,4434.272,4438.272,0.72,0.38
0,FusedInferAttentionScore,"[[1,1024],[1024,4096]]",vllm/worker/model_runner.py:1234,6.5,9.8,2755.861,2759.861,0.72,0.38
0,RmsNorm,"[[1,1024],[1024,4096]]",vllm/worker/model_runner.py:1234,6.5,9.8,238.515,242.515,0.72,0.38
0,AllReduce,"[[1,1024],[1024,4096]]",vllm/worker/model_runner.py:1234,6.5,9.8,182.044,186.044,0.72,0.38
0,MatMulV2,"[[1,1024],[1024,4096]]",vllm/worker/model_runner.py:1234,6.5,9.8,4366.564,4370.564,0.72,0.38
0,FusedInferAttentionScore,"[[1,1024],[1024,4096]]",vllm/worker/model_runner.py:1234,6.5,9.8,2721.623,2725.623,0.72,0.38
0,RmsNorm,"[[1,1024],[1024,4096]]",vllm/worker/model_runner.py:1234,6.5,9.8,178.185,182.185,0.72,0.38
0,AllReduce,"[[1,1024],[1024,4096]]",vllm/worker/model_runner.py:1234,6.5,9.8,169.662,173.662,0.72,0.38
0,MatMulV2,"[[1,1024],[1024,4096]]",vllm/worker/model_runner.py:1234,6.5,9.8,4318.394,4322.394,0.72,0.38
0,FusedInferAttentionScore,"[[1,1024],[1024,4096]]",vllm/worker/model_runner.py:1234,6.5,9.8,2509.422,2513.422,0.72,0.38
0,RmsNorm,"[[1,1024],[1024,4096]]",vllm/worker/model_runner.py:1234,6.5,9.8,208.649,212.649,0.72,0.38
0,AllReduce,"[[1,1024],[1024,4096]]",vllm/worker/model_runner.py:1234,6.5,9.8,185.11,189.11,0.72,0.38
0,MatMulV2,"[[1,1024],[1024,4096]]",vllm/worker/model_runner.py:1234,6.5,9.8,4476.909,4480.909,0.72,0.38
0,FusedInferAttentionScore,"[[1,1024],[1024,4096]]",vllm/worker/model_runner.py:1234,6.5,9.8,2485.483,2489.483,0.72,0.38
0,RmsNorm,"[[1,1024],[1024,4096]]",vllm/worker/model_runner.py:1234,6.5,9.8,222.547,226.547,0.72,0.38
0,AllReduce,"[[1,1024],[1024,4096]]",vllm/worker/model_runner.py:1234,6.5,9.8,176.509,180.509,0.72,0.38
0,MatMulV2,"[[1,1024],[1024,4096]]",vllm/worker/model_runner.py:1234,6.5,9.8,4080.105,4084.105,0.72,0.38
0,FusedInferAttentionScore,"[[1,1024],[1024,4096]]",vllm/worker/model_runner.py:1234,6.5,9.8,2790.682,2794.682,0.72,0.38
0,RmsNorm,"[[1,1024],[1024,4096]]",vllm/worker/model_runner.py:1234,6.5,9.8,170.688,174.688,0.72,0.38
0,AllReduce,"[[1,1024],[1024,4096]]",vllm/worker/model_runner.py:1234,6.5,9.8,172.709,176.709,0.72,0.38
0,MatMulV2,"[[1,1024],[1024,4096]]",vllm/worker/model_runner.py:1234,6.5,9.8,4276.897,4280.897,0.72,0.38
0,FusedInferAttentionScore,"[[1,1024],[1024,4096]]",vllm/worker/model_runner.py:1234,6.5,9.8,2616.06,2620.06,0.72,0.38
0,RmsNorm,"[[1,1024],[1024,4096]]",vllm/worker/model_runner.py:1234,6.5,9.8,175.993,179.993,0.72,0.38
0,AllReduce,"[[1,1024],[1024,4096]]",vllm/worker/model_runner.py:1234,6.5,9.8,165.506,169.506,0.72,0.38
0,MatMulV2,"[[1,1024],[1024,4096]]",vllm/worker/model_runner.py:1234,6.5,9.8,4504.265,4508.265,0.72,0.38
0,FusedInferAttentionScore,"[[1,1024],[1024,4096]]",vllm/worker/model_runner.py:1234,6.5,9.8,2686.179,2690.179,0.72,0.38
0,RmsNorm,"[[1,1024],[1024,4096]]",vllm/worker/model_runner.py:1234,6.5,9.8,201.935,205.935,0.72,0.38
0,AllReduce,"[[1,1024],[1024,4096]]",vllm/worker/model_runner.py:1234,6.5,9.8,191.729,195.729,0.72,0.38
0,MatMulV2,"[[1,1024],[1024,4096]]",vllm/worker/model_runner.py:1234,6.5,9.8,4469.586,4473.586,0.72,0.38
0,FusedInferAttentionScore,"[[1,1024],[1024,4096]]",vllm/worker/model_runner.py:1234,6.5,9.8,2670.967,2674.967,0.72,0.38
0,RmsNorm,"[[1,1024],[1024,4096]]",vllm/worker/model_runner.py:1234,6.5,9.8,200.771,204.771,0.72,0.38
0,AllReduce,"[[1,1024],[1024,4096]]",vllm/worker/model_runner.py:1234,6.5,9.8,190.496,194.496,0.72,0.38
0,MatMulV2,"[[1,1024],[1024,4096]]",vllm/worker/model_runner.py:1234,6.5,9.8,3876.295,3880.295,0.72,0.38
0,FusedInferAttentionScore,"[[1,1024],[1024,4096]]",vllm/worker/model_runner.py:1234,6.5,9.8,2536.653,2540.653,0.72,0.38
0,RmsNorm,"[[1,1024],[1024,4096]]",vllm/worker/model_runner.py:1234,6.5,9.8,175.893,179.893,0.72,0.38
0,AllReduce,"[[1,1024],[1024,4096]]",vllm/worker/model_runner.py:1234,6.5,9.8,191.966,195.966,0.72,0.38
0,MatMulV2,"[[1,1024],[1024,4096]]",vllm/worker/model_runner.py:1234,6.5,9.8,4000.98,4004.98,0.72,0.38
0,FusedInferAttentionScore,"[[1,1024],[1024,4096]]",vllm/worker/model_runner.py:1234,6.5,9.8,2416.434,2420.434,0.72,0.38
0,RmsNorm,"[[1,1024],[1024,4096]]",vllm/worker/model_runner.py:1234,6.5,9.8,201.599,205.599,0.72,0.38
0,AllReduce,"[[1,1024],[1024,4096]]",vllm/worker/model_runner.py:1234,6.5,9.8,178.881,182.881,0.72,0.38
0,MatMulV2,"[[1,1024],[1024,4096]]",vllm/worker/model_runner.py:1234,6.5,9.8,4520.064,4524.064,0.72,0.38
0,FusedInferAttentionScore,"[[1,1024],[1024,4096]]",vllm/worker/model_runner.py:1234,6.5,9.8,2471.496,2475.496,0.72,0.38
0,RmsNorm,"[[1,1024],[1024,4096]]",vllm/worker/model_runner.py:1234,6.5,9.8,212.612,216.612,0.72,0.38
0,AllReduce,"[[1,1024],[1024,4096]]",vllm/worker/model_runner.py:1234,6.5,9.8,195.23,199.23,0.72,0.38
0,MatMulV2,"[[1,1024],[1024,4096]]",vllm/worker/model_runner.py:1234,6.5,9.8,4314.165,4318.165,0.72,0.38
0,FusedInferAttentionScore,"[[1,1024],[1024,4096]]",vllm/worker/model_runner.py:1234,6.5,9.8,2783.007,2787.007,0.72,0.38
0,RmsNorm,"[[1,1024],[1024,4096]]",vllm/worker/model_runner.py:1234,6.5,9.8,236.638,240.638,0.72,0.38
0,AllReduce,"[[1,1024],[1024,4096]]",vllm/worker/model_runner.py:1234,6.5,9.8,169.339,173.339,0.72,0.38
0,MatMulV2,"[[1,1024],[1024,4096]]",vllm/worker/model_runner.py:1234,6.5,9.8,4268.285,4272.285,0.72,0.38
0,FusedInferAttentionScore,"[[1,1024],[1024,4096]]",vllm/worker/model_runner.py:1234,6.5,9.8,2405.712,2409.712,0.72,0.38
0,RmsNorm,"[[1,1024],[1024,4096]]",vllm/worker/model_runner.py:1234,6.5,9.8,168.296,172.296,0.72,0.38
0,AllReduce,"[[1,1024],[1024,4096]]",vllm/worker/model_runner.py:1234,6.5,9.8,187.692,191.692,0.72,0.38
0,MatMulV2,"[[1,1024],[1024,4096]]",vllm/worker/model_runner.py:1234,6.5,9.8,4415.947,4419.947,0.72,0.38
0,FusedInferAttentionScore,"[[1,1024],[1024,4096]]",vllm/worker/model_runner.py:1234,6.5,9.8,2563.756,2567.756,0.72,0.38
0,RmsNorm,"[[1,1024],[1024,4096]]",vllm/worker/model_runner.py:1234,6.5,9.8,219.721,223.721,0.72,0.38
0,AllReduce,"[[1,1024],[1024,4096]]",vllm/worker/model_runner.py:1234,6.5,9.8,164.808,168.808,0.72,0.38
0,MatMulV2,"[[1,1024],[1024,4096]]",vllm/worker/model_runner.py:1234,6.5,9.8,3945.397,3949.397,0.72,0.38
0,FusedInferAttentionScore,"[[1,1024],[1024,4096]]",vllm/worker/model_runner.py:1234,6.5,9.8,2459.362,2463.362,0.72,0.38
0,RmsNorm,"[[1,1024],[1024,4096]]",vllm/worker/model_runner.py:1234,6.5,9.8,180.152,184.152,0.72,0.38
0,AllReduce,"[[1,1024],[1024,4096]]",vllm/worker/model_runner.py:1234,6.5,9.8,167.485,171.485,0.72,0.38
0,MatMulV2,"[[1,1024],[1024,4096]]",vllm/worker/model_runner.py:1234,6.5,9.8,4396,4400,0.72,0.38
0,FusedInferAttentionScore,"[[1,1024],[1024,4096]]",vllm/worker/model_runner.py:1234,6.5,9.8,2814.977,2818.977,0.72,0.38
0,RmsNorm,"[[1,1024],[1024,4096]]",vllm/worker/model_runner.py:1234,6.5,9.8,173.828,177.828,0.72,0.38
0,AllReduce,"[[1,1024],[1024,4096]]",vllm/worker/model_runner.py:1234,6.5,9.8,176.709,180.709,0.72,0.38
0,MatMulV2,"[[1,1024],[1024,4096]]",vllm/worker/model_runner.py:1234,6.5,9.8,3982.963,3986.963,0.72,0.38
0,FusedInferAttentionScore,"[[1,1024],[1024,4096]]",vllm/worker/model_runner.py:1234,6.5,9.8,2759.525,2763.525,0.72,0.38
0,RmsNorm,"[[1,1024],[1024,4096]]",vllm/worker/model_runner.py:1234,6.5,9.8,250.49,254.49,0.72,0.38
0,AllReduce,"[[1,1024],[1024,4096]]",vllm/worker/model_runner.py:1234,6.5,9.8,167.561,171.561,0.72,0.38
0,MatMulV2,"[[1,1024],[1024,4096]]",vllm/worker/model_runner.py:1234,6.5,9.8,3958.499,3962.499,0.72,0.38
0,FusedInferAttentionScore,"[[1,1024],[1024,4096]]",vllm/worker/model_runner.py:1234,6.5,9.8,2839.391,2843.391,0.72,0.38
0,RmsNorm,"[[1,1024],[1024,4096]]",vllm/worker/model_runner.py:1234,6.5,9.8,195.814,199.814,0.72,0.38
0,AllReduce,"[[1,1024],[1024,4096]]",vllm/worker/model_runner.py:1234,6.5,9.8,172.421,176.421,0.72,0.38
0,MatMulV2,"[[1,1024],[1024,4096]]",vllm/worker/model_runner.py:1234,6.5,9.8,4447.559,4451.559,0.72,0.38
0,FusedInferAttentionScore,"[[1,1024],[1024,4096]]",vllm/worker/model_runner.py:1234,6.5,9.8,2624.744,2628.744,0.72,0.38
0,RmsNorm,"[[1,1024],[1024,4096]]",vllm/worker/model_runner.py:1234,6.5,9.8,214.078,218.078,0.72,0.38
0,AllReduce,"[[1,1024],[1024,4096]]",vllm/worker/model_runner.py:1234,6.5,9.8,181.786,185.786,0.72,0.38
0,MatMulV2,"[[1,1024],[1024,4096]]",vllm/worker/model_runner.py:1234,6.5,9.8,4366.266,4370.266,0.72,0.38
0,FusedInferAttentionScore,"[[1,1024],[1024,4096]]",vllm/worker/model_runner.py:1234,6.5,9.8,2831.852,2835.852,0.72,0.38
0,RmsNorm,"[[1,1024],[1024,4096]]",vllm/worker/model_runner.py:1234,6.5,9.8,216.384,220.384,0.72,0.38
0,AllReduce,"[[1,1024],[1024,4096]]",vllm/worker/model_runner.py:1234,6.5,9.8,178.013,182.013,0.72,0.38
0,MatMulV2,"[[1,1024],[1024,4096]]",vllm/worker/model_runner.py:1234,6.5,9.8,4505.438,4509.438,0.72,0.38
0,FusedInferAttentionScore,"[[1,1024],[1024,4096]]",vllm/worker/model_runner.py:1234,6.5,9.8,2831.01,2835.01,0.72,0.38
0,RmsNorm,"[[1,1024],[1024,4096]]",vllm/worker/model_runner.py:1234,6.5,9.8,214.999,218.999,0.72,0.38
0,AllReduce,"[[1,1024],[1024,4096]]",vllm/worker/model_runner.py:1234,6.5,9.8,190.151,194.151,0.72,0.38
0,aclrtMemcpyAsync_D2H,"[[1,1024],[1024,4096]]",vllm/worker/model_runner.py:1234,6.5,9.8,60,64,0.72,0.38
0,MatMulV2,"[[1,1024],[1024,4096]]",vllm/worker/model_runner.py:1234,6.5,9.8,4262.054,4266.054,0.72,0.38
0,FusedInferAttentionScore,"[[1,1024],[1024,4096]]",vllm/worker/model_runner.py:1234,6.5,9.8,2444.894,2448.894,0.72,0.38
0,RmsNorm,"[[1,1024],[1024,4096]]",vllm/worker/model_runner.py:1234,6.5,9.8,172.665,176.665,0.72,0.38
0,AllReduce,"[[1,1024],[1024,4096]]",vllm/worker/model_runner.py:1234,6.5,9.8,194.357,198.357,0.72,0.38
0,MatMulV2,"[[1,1024],[1024,4096]]",vllm/worker/model_runner.py:1234,6.5,9.8,4353.821,4357.821,0.72,0.38
0,FusedInferAttentionScore,"[[1,1024],[1024,4096]]",vllm/worker/model_runner.py:1234,6.5,9.8,2791.445,2795.445,0.72,0.38
0,RmsNorm,"[[1,1024],[1024,4096]]",vllm/worker/model_runner.py:1234,6.5,9.8,227.854,231.854,0.72,0.38
0,AllReduce,"[[1,1024],[1024,4096]]",vllm/worker/model_runner.py:1234,6.5,9.8,180.935,184.935,0.72,0.38
0,MatMulV2,"[[1,1024],[1024,4096]]",vllm/worker/model_runner.py:1234,6.5,9.8,4279.018,4283.018,0.72,0.38
0,FusedInferAttentionScore,"[[1,1024],[1024,4096]]",vllm/worker/model_runner.py:1234,6.5,9.8,2717.301,2721.301,0.72,0.38
0,RmsNorm,"[[1,1024],[1024,4096]]",vllm/worker/model_runner.py:1234,6.5,9.8,219.811,223.811,0.72,0.38
0,AllReduce,"[[1,1024],[1024,4096]]",vllm/worker/model_runner.py:1234,6.5,9.8,173.202,177.202,0.72,0.38
0,MatMulV2,"[[1,1024],[1024,4096]]",vllm/worker/model_runner.py:1234,6.5,9.8,4518.954,4522.954,0.72,0.38
0,FusedInferAttentionScore,"[[1,1024],[1024,4096]]",vllm/worker/model_runner.py:1234,6.5,9.8,2487.281,2491.281,0.72,0.38
0,RmsNorm,"[[1,1024],[1024,4096]]",vllm/worker/model_runner.py:1234,6.5,9.8,250.889,254.889,0.72,0.38
0,AllReduce,"[[1,1024],[1024,4096]]",vllm/worker/model_runner.py:1234,6.5,9.8,177.531,181.531,0.72,0.38
0,MatMulV2,"[[1,1024],[1024,4096]]",vllm/worker/model_runner.py:1234,6.5,9.8,4227.407,4231.407,0.72,0.38
0,FusedInferAttentionScore,"[[1,1024],[1024,4096]]",vllm/worker/model_runner.py:1234,6.5,9.8,2593.594,2597.594,0.72,0.38
0,RmsNorm,"[[1,1024],[1024,4096]]",vllm/worker/model_runner.py:1234,6.5,9.8,209.765,213.765,0.72,0.38
0,AllReduce,"[[1,1024],[1024,4096]]",vllm/worker/model_runner.py:1234,6.5,9.8,162.88,166.88,0.72,0.38
0,MatMulV2,"[[1,1024],[1024,4096]]",vllm/worker/model_runner.py:1234,6.5,9.8,4128.224,4132.224,0.72,0.38
0,FusedInferAttentionScore,"[[1,1024],[1024,4096]]",vllm/worker/model_runner.py:1234,6.5,9.8,2618.372,2622.372,0.72,0.38
0,RmsNorm,"[[1,1024],[1024,4096]]",vllm/worker/model_runner.py:1234,6.5,9.8,204.637,208.637,0.72,0.38
0,AllReduce,"[[1,1024],[1024,4096]]",vllm/worker/model_runner.py:1234,6.5,9.8,196.159,200.159,0.72,0.38
0,MatMulV2,"[[1,1024],[1024,4096]]",vllm/worker/model_runner.py:1234,6.5,9.8,4186.709,4190.709,0.72,0.38
0,FusedInferAttentionScore,"[[1,1024],[1024,4096]]",vllm/worker/model_runner.py:1234,6.5,9.8,2497.646,2501.646,0.72,0.38
0,RmsNorm,"[[1,1024],[1024,4096]]",vllm/worker/model_runner.py:1234,6.5,9.8,201.441,205.441,0.72,0.38
0,AllReduce,"[[1,1024],[1024,4096]]",vllm/worker/model_runner.py:1234,6.5,9.8,162.515,166.515,0.72,0.38
0,MatMulV2,"[[1,1024],[1024,4096]]",vllm/worker/model_runner.py:1234,6.5,9.8,4310.428,4314.428,0.72,0.38
0,FusedInferAttentionScore,"[[1,1024],[1024,4096]]",vllm/worker/model_runner.py:1234,6.5,9.8,2424.896,2428.896,0.72,0.38
0,RmsNorm,"[[1,1024],[1024,4096]]",vllm/worker/model_runner.py:1234,6.5,9.8,207.188,211.188,0.72,0.38
0,AllReduce,"[[1,1024],[1024,4096]]",vllm/worker/model_runner.py:1234,6.5,9.8,164.587,168.587,0.72,0.38
0,MatMulV2,"[[1,1024],[1024,4096]]",vllm/worker/model_runner.py:1234,6.5,9.8,3945.048,3949.048,0.72,0.38
0,FusedInferAttentionScore,"[[1,1024],[1024,4096]]",vllm/worker/model_runner.py:1234,6.5,9.8,2442.289,2446.289,0.72,0.38
0,RmsNorm,"[[1,1024],[1024,4096]]",vllm/worker/model_runner.py:1234,6.5,9.8,175.437,179.437,0.72,0.38
0,AllReduce,"[[1,1024],[1024,4096]]",vllm/worker/model_runner.py:1234,6.5,9.8,183.789,187.789,0.72,0.38
0,MatMulV2,"[[1,1024],[1024,4096]]",vllm/worker/model_runner.py:1234,6.5,9.8,4200.848,4204.848,0.72,0.38
0,FusedInferAttentionScore,"[[1,1024],[1024,4096]]",vllm/worker/model_runner.py:1234,6.5,9.8,2377.747,2381.747,0.72,0.38
0,RmsNorm,"[[1,1024],[1024,4096]]",vllm/worker/model_runner.py:1234,6.5,9.8,176.009,180.009,0.72,0.38
0,AllReduce,"[[1,1024],[1024,4096]]",vllm/worker/model_runner.py:1234,6.5,9.8,187.704,191.704,0.72,0.38
0,MatMulV2,"[[1,1024],[1024,4096]]",vllm/worker/model_runner.py:1234,6.5,9.8,4595.511,4599.511,0.72,0.38
0,FusedInferAttentionScore,"[[1,1024],[1024,4096]]",vllm/worker/model_runner.py:1234,6.5,9.8,2395.952,2399.952,0.72,0.38
0,RmsNorm,"[[1,1024],[1024,4096]]",vllm/worker/model_runner.py:1234,6.5,9.8,215.98,219.98,0.72,0.38
0,AllReduce,"[[1,1024],[1024,4096]]",vllm/worker/model_runner.py:1234,6.5,9.8,184.628,188.628,0.72,0.38
0,MatMulV2,"[[1,1024],[1024,4096]]",vllm/worker/model_runner.py:1234,6.5,9.8,4348.834,4352.834,0.72,0.38
0,FusedInferAttentionScore,"[[1,1024],[1024,4096]]",vllm/worker/model_runner.py:1234,6.5,9.8,2481.425,2485.425,0.72,0.38
0,RmsNorm,"[[1,1024],[1024,4096]]",vllm/worker/model_runner.py:1234,6.5,9.8,212.016,216.016,0.72,0.38
0,AllReduce,"[[1,1024],[1024,4096]]",vllm/worker/model_runner.py:1234,6.5,9.8,167.34,171.34,0.72,0.38
0,MatMulV2,"[[1,1024],[1024,4096]]",vllm/worker/model_runner.py:1234,6.5,9.8,4094.977,4098.977,0.72,0.38
0,FusedInferAttentionScore,"[[1,1024],[1024,4096]]",vllm/worker/model_runner.py:1234,6.5,9.8,2421.802,2425.802,0.72,0.38
0,RmsNorm,"[[1,1024],[1024,4096]]",vllm/worker/model_runner.py:1234,6.5,9.8,215.127,219.127,0.72,0.38
0,AllReduce,"[[1,1024],[1024,4096]]",vllm/worker/model_runner.py:1234,6.5,9.8,185.155,189.155,0.72,0.38
0,MatMulV2,"[[1,1024],[1024,4096]]",vllm/worker/model_runner.py:1234,6.5,9.8,4087.876,4091.876,0.72,0.38
0,FusedInferAttentionScore,"[[1,1024],[1024,4096]]",vllm/worker/model_runner.py:1234,6.5,9.8,2429.426,2433.426,0.72,0.38
0,RmsNorm,"[[1,1024],[1024,4096]]",vllm/worker/model_runner.py:1234,6.5,9.8,169.889,173.889,0.72,0.38
0,AllReduce,"[[1,1024],[1024,4096]]",vllm/worker/model_runner.py:1234,6.5,9.8,180.331,184.331,0.72,0.38
0,MatMulV2,"[[1,1024],[1024,4096]]",vllm/worker/model_runner.py:1234,6.5,9.8,4425.445,4429.445,0.72,0.38
0,FusedInferAttentionScore,"[[1,1024],[1024,4096]]",vllm/worker/model_runner.py:1234,6.5,9.8,2589.388,2593.388,0.72,0.38
0,RmsNorm,"[[1,1024],[1024,4096]]",vllm/worker/model_runner.py:1234,6.5,9.8,191.204,195.204,0.72,0.38
0,AllReduce,"[[1,1024],[1024,4096]]",vllm/worker/model_runner.py:1234,6.5,9.8,169.879,173.879,0.72,0.38
0,MatMulV2,"[[1,1024],[1024,4096]]",vllm/worker/model_runner.py:1234,6.5,9.8,3788.188,3792.188,0.72,0.38
0,FusedInferAttentionScore,"[[1,1024],[1024,4096]]",vllm/worker/model_runner.py:1234,6.5,9.8,2572.135,2576.135,0.72,0.38
0,RmsNorm,"[[1,1024],[1024,4096]]",vllm/worker/model_runner.py:1234,6.5,9.8,178.651,182.651,0.72,0.38
0,AllReduce,"[[1,1024],[1024,4096]]",vllm/worker/model_runner.py:1234,6.5,9.8,174.848,178.848,0.72,0.38
0,MatMulV2,"[[1,1024],[1024,4096]]",vllm/worker/model_runner.py:1234,6.5,9.8,4317.859,4321.859,0.72,0.38
0,FusedInferAttentionScore,"[[1,1024],[1024,4096]]",vllm/worker/model_runner.py:1234,6.5,9.8,2658.777,2662.777,0.72,0.38
0,RmsNorm,"[[1,1024],[1024,4096]]",vllm/worker/model_runner.py:1234,6.5,9.8,213.506,217.506,0.72,0.38
0,AllReduce,"[[1,1024],[1024,4096]]",vllm/worker/model_runner.py:1234,6.5,9.8,172.146,176.146,0.72,0.38
0,MatMulV2,"[[1,1024],[1024,4096]]",vllm/worker/model_runner.py:1234,6.5,9.8,4431.779,4435.779,0.72,0.38
0,FusedInferAttentionScore,"[[1,1024],[1024,4096]]",vllm/worker/model_runner.py:1234,6.5,9.8,2577.213,2581.213,0.72,0.38
0,RmsNorm,"[[1,1024],[1024,4096]]",vllm/worker/model_runner.py:1234,6.5,9.8,180.479,184.479,0.72,0.38
0,AllReduce,"[[1,1024],[1024,4096]]",vllm/worker/model_runner.py:1234,6.5,9.8,172.96,176.96,0.72,0.38
0,MatMulV2,"[[1,1024],[1024,4096]]",vllm/worker/model_runner.py:1234,6.5,9.8,4418.443,4422.443,0.72,0.38
0,FusedInferAttentionScore,"[[1,1024],[1024,4096]]",vllm/worker/model_runner.py:1234,6.5,9.8,2577.198,2581.198,0.72,0.38
0,RmsNorm,"[[1,1024],[1024,4096]]",vllm/worker/model_runner.py:1234,6.5,9.8,185.239,189.239,0.72,0.38
0,AllReduce,"[[1,1024],[1024,4096]]",vllm/worker/model_runner.py:1234,6.5,9.8,180.83,184.83,0.72,0.38
0,MatMulV2,"[[1,1024],[1024,4096]]",vllm/worker/model_runner.py:1234,6.5,9.8,4510.041,4514.041,0.72,0.38
0,FusedInferAttentionScore,"[[1,1024],[1024,4096]]",vllm/worker/model_runner.py:1234,6.5,9.8,2462.489,2466.489,0.72,0.38
0,RmsNorm,"[[1,1024],[1024,4096]]",vllm/worker/model_runner.py:1234,6.5,9.8,251.783,255.783,0.72,0.38
0,AllReduce,"[[1,1024],[1024,4096]]",vllm/worker/model_runner.py:1234,6.5,9.8,187.456,191.456,0.72,0.38
0,MatMulV2,"[[1,1024],[1024,4096]]",vllm/worker/model_runner.py:1234,6.5,9.8,3897.522,3901.522,0.72,0.38
0,FusedInferAttentionScore,"[[1,1024],[1024,4096]]",vllm/worker/model_runner.py:1234,6.5,9.8,2748.179,2752.179,0.72,0.38
0,RmsNorm,"[[1,1024],[1024,4096]]",vllm/worker/model_runner.py:1234,6.5,9.8,240.718,244.718,0.72,0.38
0,AllReduce,"[[1,1024],[1024,4096]]",vllm/worker/model_runner.py:1234,6.5,9.8,193.279,197.279,0.72,0.38
0,MatMulV2,"[[1,1024],[1024,4096]]",vllm/worker/model_runner.py:1234,6.5,9.8,4323.818,4327.818,0.72,0.38
0,FusedInferAttentionScore,"[[1,1024],[1024,4096]]",vllm/worker/model_runner.py:1234,6.5,9.8,2361.353,2365.353,0.72,0.38
0,RmsNorm,"[[1,1024],[1024,4096]]",vllm/worker/model_runner.py:1234,6.5,9.8,194.517,198.517,0.72,0.38
0,AllReduce,"[[1,1024],[1024,4096]]",vllm/worker/model_runner.py:1234,6.5,9.8,176.919,180.919,0.72,0.38
0,MatMulV2,"[[1,1024],[1024,4096]]",vllm/worker/model_runner.py:1234,6.5,9.8,4460.855,4464.855,0.72,0.38
0,FusedInferAttentionScore,"[[1,1024],[1024,4096]]",vllm/worker/model_runner.py:1234,6.5,9.8,2513.192,2517.192,0.72,0.38
0,RmsNorm,"[[1,1024],[1024,4096]]",vllm/worker/model_runner.py:1234,6.5,9.8,244.809,248.809,0.72,0.38
0,AllReduce,"[[1,1024],[1024,4096]]",vllm/worker/model_runner.py:1234,6.5,9.8,162.513,166.513,0.72,0.38
0,MatMulV2,"[[1,1024],[1024,4096]]",vllm/worker/model_runner.py:1234,6.5,9.8,4245.987,4249.987,0.72,0.38
0,FusedInferAttentionScore,"[[1,1024],[1024,4096]]",vllm/worker/model_runner.py:1234,6.5,9.8,2580.643,2584.643,0.72,0.38
0,RmsNorm,"[[1,1024],[1024,4096]]",vllm/worker/model_runner.py:1234,6.5,9.8,245.76,249.76,0.72,0.38
0,AllReduce,"[[1,1024],[1024,4096]]",vllm/worker/model_runner.py:1234,6.5,9.8,183.041,187.041,0.72,0.38
0,MatMulV2,"[[1,1024],[1024,4096]]",vllm/worker/model_runner.py:1234,6.5,9.8,4123.46,4127.46,0.72,0.38
0,FusedInferAttentionScore,"[[1,1024],[1024,4096]]",vllm/worker/model_runner.py:1234,6.5,9.8,2565.79,2569.79,0.72,0.38
0,RmsNorm,"[[1,1024],[1024,4096]]",vllm/worker/model_runner.py:1234,6.5,9.8,242.628,246.628,0.72,0.38
0,AllReduce,"[[1,1024],[1024,4096]]",vllm/worker/model_runner.py:1234,6.5,9.8,162.667,166.667,0.72,0.38
0,MatMulV2,"[[1,1024],[1024,4096]]",vllm/worker/model_runner.py:1234,6.5,9.8,4506.541,4510.541,0.72,0.38
0,FusedInferAttentionScore,"[[1,1024],[1024,4096]]",vllm/worker/model_runner.py:1234,6.5,9.8,2391.039,2395.039,0.72,0.38
0,RmsNorm,"[[1,1024],[1024,4096]]",vllm/worker/model_runner.py:1234,6.5,9.8,217.527,221.527,0.72,0.38
0,AllReduce,"[[1,1024],[1024,4096]]",vllm/worker/model_runner.py:1234,6.5,9.8,182.198,186.198,0.72,0.38
0,MatMulV2,"[[1,1024],[1024,4096]]",vllm/worker/model_runner.py:1234,6.5,9.8,4265.943,4269.943,0.72,0.38
0,FusedInferAttentionScore,"[[1,1024],[1024,4096]]",vllm/worker/model_runner.py:1234,6.5,9.8,2458.252,2462.252,0.72,0.38
0,RmsNorm,"[[1,1024],[1024,4096]]",vllm/worker/model_runner.py:1234,6.5,9.8,179.484,183.484,0.72,0.38
0,AllReduce,"[[1,1024],[1024,4096]]",vllm/worker/model_runner.py:1234,6.5,9.8,196.687,200.687,0.72,0.38
0,MatMulV2,"[[1,1024],[1024,4096]]",vllm/worker/model_runner.py:1234,6.5,9.8,3980.158,3984.158,0.72,0.38
0,FusedInferAttentionScore,"[[1,1024],[1024,4096]]",vllm/worker/model_runner.py:1234,6.5,9.8,2749.951,2753.951,0.72,0.38
0,RmsNorm,"[[1,1024],[1024,4096]]",vllm/worker/model_runner.py:1234,6.5,9.8,174.843,178.843,0.72,0.38
0,AllReduce,"[[1,1024],[1024,4096]]",vllm/worker/model_runner.py:1234,6.5,9.8,191.267,195.267,0.72,0.38
0,MatMulV2,"[[1,1024],[1024,4096]]",vllm/worker/model_runner.py:1234,6.5,9.8,3933.328,3937.328,0.72,0.38
0,FusedInferAttentionScore,"[[1,1024],[1024,4096]]",vllm/worker/model_runner.py:1234,6.5,9.8,2560.717,2564.717,0.72,0.38
0,RmsNorm,"[[1,1024],[1024,4096]]",vllm/worker/model_runner.py:1234,6.5,9.8,235.075,239.075,0.72,0.38
0,AllReduce,"[[1,1024],[1024,4096]]",vllm/worker/model_runner.py:1234,6.5,9.8,186.273,190.273,0.72,0.38
0,MatMulV2,"[[1,1024],[1024,4096]]",vllm/worker/model_runner.py:1234,6.5,9.8,3856.287,3860.287,0.72,0.38
0,FusedInferAttentionScore,"[[1,1024],[1024,4096]]",vllm/worker/model_runner.py:1234,6.5,9.8,2556.909,2560.909,0.72,0.38
0,RmsNorm,"[[1,1024],[1024,4096]]",vllm/worker/model_runner.py:1234,6.5,9.8,216.065,220.065,0.72,0.38
0,AllReduce,"[[1,1024],[1024,4096]]",vllm/worker/model_runner.py:1234,6.5,9.8,195.698,199.698,0.72,0.38
0,MatMulV2,"[[1,1024],[1024,4096]]",vllm/worker/model_runner.py:1234,6.5,9.8,4056.384,4060.384,0.72,0.38
0,FusedInferAttentionScore,"[[1,1024],[1024,4096]]",vllm/worker/model_runner.py:1234,6.5,9.8,2672.831,2676.831,0.72,0.38
0,RmsNorm,"[[1,1024],[1024,4096]]",vllm/worker/model_runner.py:1234,6.5,9.8,175.933,179.933,0.72,0.38
0,AllReduce,"[[1,1024],[1024,4096]]",vllm/worker/model_runner.py:1234,6.5,9.8,180.078,184.078,0.72,0.38
0,MatMulV2,"[[1,1024],[1024,4096]]",vllm/worker/model_runner.py:1234,6.5,9.8,4589.405,4593.405,0.72,0.38
0,FusedInferAttentionScore,"[[1,1024],[1024,4096]]",vllm/worker/model_runner.py:1234,6.5,9.8,2546.553,2550.553,0.72,0.38
0,RmsNorm,"[[1,1024],[1024,4096]]",vllm/worker/model_runner.py:1234,6.5,9.8,191.953,195.953,0.72,0.38
0,AllReduce,"[[1,1024],[1024,4096]]",vllm/worker/model_runner.py:1234,6.5,9.8,184.849,188.849,0.72,0.38
0,aclrtMemcpyAsync_D2H,"[[1,1024],[1024,4096]]",vllm/worker/model_runner.py:1234,6.5,9.8,60,64,0.72,0.38
0,MatMulV2,"[[1,1024],[1024,4096]]",vllm/worker/model_runner.py:1234,6.5,9.8,4472.84,4476.84,0.72,0.38
0,FusedInferAttentionScore,"[[1,1024],[1024,4096]]",vllm/worker/model_runner.py:1234,6.5,9.8,2446.671,2450.671,0.72,0.38
0,RmsNorm,"[[1,1024],[1024,4096]]",vllm/worker/model_runner.py:1234,6.5,9.8,244.859,248.859,0.72,0.38
0,AllReduce,"[[1,1024],[1024,4096]]",vllm/worker/model_runner.py:1234,6.5,9.8,165.048,169.048,0.72,0.38
0,MatMulV2,"[[1,1024],[1024,4096]]",vllm/worker/model_runner.py:1234,6.5,9.8,4553.071,4557.071,0.72,0.38
0,FusedInferAttentionScore,"[[1,1024],[1024,4096]]",vllm/worker/model_runner.py:1234,6.5,9.8,2815.77,2819.77,0.72,0.38
0,RmsNorm,"[[1,1024],[1024,4096]]",vllm/worker/model_runner.py:1234,6.5,9.8,220.325,224.325,0.72,0.38
0,AllReduce,"[[1,1024],[1024,4096]]",vllm/worker/model_runner.py:1234,6.5,9.8,163.474,167.474,0.72,0.38
0,MatMulV2,"[[1,1024],[1024,4096]]",vllm/worker/model_runner.py:1234,6.5,9.8,4291.233,4295.233,0.72,0.38
0,FusedInferAttentionScore,"[[1,1024],[1024,4096]]",vllm/worker/model_runner.py:1234,6.5,9.8,2677.643,2681.643,0.72,0.38
0,RmsNorm,"[[1,1024],[1024,4096]]",vllm/worker/model_runner.py:1234,6.5,9.8,174.377,178.377,0.72,0.38
0,AllReduce,"[[1,1024],[1024,4096]]",vllm/worker/model_runner.py:1234,6.5,9.8,195.275,199.275,0.72,0.38
0,MatMulV2,"[[1,1024],[1024,4096]]",vllm/worker/model_runner.py:1234,6.5,9.8,4349.193,4353.193,0.72,0.38
0,FusedInferAttentionScore,"[[1,1024],[1024,4096]]",vllm/worker/model_runner.py:1234,6.5,9.8,2385.943,2389.943,0.72,0.38
0,RmsNorm,"[[1,1024],[1024,4096]]",vllm/worker/model_runner.py:1234,6.5,9.8,240.018,244.018,0.72,0.38
0,AllReduce,"[[1,1024],[1024,4096]]",vllm/worker/model_runner.py:1234,6.5,9.8,190.008,194.008,0.72,0.38
0,MatMulV2,"[[1,1024],[1024,4096]]",vllm/worker/model_runner.py:1234,6.5,9.8,3967.48,3971.48,0.72,0.38
0,FusedInferAttentionScore,"[[1,1024],[1024,4096]]",vllm/worker/model_runner.py:1234,6.5,9.8,2721.449,2725.449,0.72,0.38
0,RmsNorm,"[[1,1024],[1024,4096]]",vllm/worker/model_runner.py:1234,6.5,9.8,240.868,244.868,0.72,0.38
0,AllReduce,"[[1,1024],[1024,4096]]",vllm/worker/model_runner.py:1234,6.5,9.8,164.422,168.422,0.72,0.38
0,MatMulV2,"[[1,1024],[1024,4096]]",vllm/worker/model_runner.py:1234,6.5,9.8,4420.896,4424.896,0.72,0.38
0,FusedInferAttentionScore,"[[1,1024],[1024,4096]]",vllm/worker/model_runner.py:1234,6.5,9.8,2720.314,2724.314,0.72,0.38
0,RmsNorm,"[[1,1024],[1024,4096]]",vllm/worker/model_runner.py:1234,6.5,9.8,209.853,213.853,0.72,0.38
0,AllReduce,"[[1,1024],[1024,4096]]",vllm/worker/model_runner.py:1234,6.5,9.8,163.668,167.668,0.72,0.38
0,MatMulV2,"[[1,1024],[1024,4096]]",vllm/worker/model_runner.py:1234,6.5,9.8,3969.956,3973.956,0.72,0.38
0,FusedInferAttentionScore,"[[1,1024],[1024,4096]]",vllm/worker/model_runner.py:1234,6.5,9.8,2643.91,2647.91,0.72,0.38
0,RmsNorm,"[[1,1024],[1024,4096]]",vllm/worker/model_runner.py:1234,6.5,9.8,239.256,243.256,0.72,0.38
0,AllReduce,"[[1,1024],[1024,4096]]",vllm/worker/model_runner.py:1234,6.5,9.8,167.257,171.257,0.72,0.38
0,MatMulV2,"[[1,1024],[1024,4096]]",vllm/worker/model_runner.py:1234,6.5,9.8,4376.276,4380.276,0.72,0.38
0,FusedInferAttentionScore,"[[1,1024],[1024,4096]]",vllm/worker/model_runner.py:1234,6.5,9.8,2510.899,2514.899,0.72,0.38
0,RmsNorm,"[[1,1024],[1024,4096]]",vllm/worker/model_runner.py:1234,6.5,9.8,209.447,213.447,0.72,0.38
0,AllReduce,"[[1,1024],[1024,4096]]",vllm/worker/model_runner.py:1234,6.5,9.8,165.051,169.051,0.72,0.38
0,MatMulV2,"[[1,1024],[1024,4096]]",vllm/worker/model_runner.py:1234,6.5,9.8,3900.017,3904.017,0.72,0.38
0,FusedInferAttentionScore,"[[1,1024],[1024,4096]]",vllm/worker/model_runner.py:1234,6.5,9.8,2342.159,2346.159,0.72,0.38
0,RmsNorm,"[[1,1024],[1024,4096]]",vllm/worker/model_runner.py:1234,6.5,9.8,216.596,220.596,0.72,0.38
0,AllReduce,"[[1,1024],[1024,4096]]",vllm/worker/model_runner.py:1234,6.5,9.8,185.638,189.638,0.72,0.38
0,MatMulV2,"[[1,1024],[1024,4096]]",vllm/worker/model_runner.py:1234,6.5,9.8,3987.544,3991.544,0.72,0.38
0,FusedInferAttentionScore,"[[1,1024],[1024,4096]]",vllm/worker/model_runner.py:1234,6.5,9.8,2599.187,2603.187,0.72,0.38
0,RmsNorm,"[[1,1024],[1024,4096]]",vllm/worker/model_runner.py:1234,6.5,9.8,188.692,192.692,0.72,0.38
0,AllReduce,"[[1,1024],[1024,4096]]",vllm/worker/model_runner.py:1234,6.5,9.8,176.363,180.363,0.72,0.38
0,MatMulV2,"[[1,1024],[1024,4096]]",vllm/worker/model_runner.py:1234,6.5,9.8,4147.389,4151.389,0.72,0.38
0,FusedInferAttentionScore,"[[1,1024],[1024,4096]]",vllm/worker/model_runner.py:1234,6.5,9.8,2386.595,2390.595,0.72,0.38
0,RmsNorm,"[[1,1024],[1024,4096]]",vllm/worker/model_runner.py:1234,6.5,9.8,224.172,228.172,0.72,0.38
0,AllReduce,"[[1,1024],[1024,4096]]",vllm/worker/model_runner.py:1234,6.5,9.8,183.363,187.363,0.72,0.38
0,MatMulV2,"[[1,1024],[1024,4096]]",vllm/worker/model_runner.py:1234,6.5,9.8,4242.666,4246.666,0.72,0.38
0,FusedInferAttentionScore,"[[1,1024],[1024,4096]]",vllm/worker/model_runner.py:1234,6.5,9.8,2479.347,2483.347,0.72,0.38
0,RmsNorm,"[[1,1024],[1024,4096]]",vllm/worker/model_runner.py:1234,6.5,9.8,184.477,188.477,0.72,0.38
0,AllReduce,"[[1,1024],[1024,4096]]",vllm/worker/model_runner.py:1234,6.5,9.8,172.894,176.894,0.72,0.38
0,MatMulV2,"[[1,1024],[1024,4096]]",vllm/worker/model_runner.py:1234,6.5,9.8,4238.061,4242.061,0.72,0.38
0,FusedInferAttentionScore,"[[1,1024],[1024,4096]]",vllm/worker/model_runner.py:1234,6.5,9.8,2685.332,2689.332,0.72,0.38
0,RmsNorm,"[[1,1024],[1024,4096]]",vllm/worker/model_runner.py:1234,6.5,9.8,200.848,204.848,0.72,0.38
0,AllReduce,"[[1,1024],[1024,4096]]",vllm/worker/model_runner.py:1234,6.5,9.8,176.273,180.273,0.72,0.38
0,MatMulV2,"[[1,1024],[1024,4096]]",vllm/worker/model_runner.py:1234,6.5,9.8,4249.503,4253.503,0.72,0.38
0,FusedInferAttentionScore,"[[1,1024],[1024,4096]]",vllm/worker/model_runner.py:1234,6.5,9.8,2423.928,2427.928,0.72,0.38
0,RmsNorm,"[[1,1024],[1024,4096]]",vllm/worker/model_runner.py:1234,6.5,9.8,248.668,252.668,0.72,0.38
0,AllReduce,"[[1,1024],[1024,4096]]",vllm/worker/model_runner.py:1234,6.5,9.8,189.747,193.747,0.72,0.38
0,MatMulV2,"[[1,1024],[1024,4096]]",vllm/worker/model_runner.py:1234,6.5,9.8,4594.675,4598.675,0.72,0.38
0,FusedInferAttentionScore,"[[1,1024],[1024,4096]]",vllm/worker/model_runner.py:1234,6.5,9.8,2611.155,2615.155,0.72,0.38
0,RmsNorm,"[[1,1024],[1024,4096]]",vllm/worker/model_runner.py:1234,6.5,9.8,239.673,243.673,0.72,0.38
0,AllReduce,"[[1,1024],[1024,4096]]",vllm/worker/model_runner.py:1234,6.5,9.8,169.601,173.601,0.72,0.38
0,MatMulV2,"[[1,1024],[1024,4096]]",vllm/worker/model_runner.py:1234,6.5,9.8,4072.451,4076.451,0.72,0.38
0,FusedInferAttentionScore,"[[1,1024],[1024,4096]]",vllm/worker/model_runner.py:1234,6.5,9.8,2392.064,2396.064,0.72,0.38
0,RmsNorm,"[[1,1024],[1024,4096]]",vllm/worker/model_runner.py:1234,6.5,9.8,171.333,175.333,0.72,0.38
0,AllReduce,"[[1,1024],[1024,4096]]",vllm/worker/model_runner.py:1234,6.5,9.8,183.814,187.814,0.72,0.38
0,MatMulV2,"[[1,1024],[1024,4096]]",vllm/worker/model_runner.py:1234,6.5,9.8,4149.417,4153.417,0.72,0.38
0,FusedInferAttentionScore,"[[1,1024],[1024,4096]]",vllm/worker/model_runner.py:1234,6.5,9.8,2590.973,2594.973,0.72,0.38
0,RmsNorm,"[[1,1024],[1024,4096]]",vllm/worker/model_runner.py:1234,6.5,9.8,229.729,233.729,0.72,0.38
0,AllReduce,"[[1,1024],[1024,4096]]",vllm/worker/model_runner.py:1234,6.5,9.8,178.578,182.578,0.72,0.38
0,MatMulV2,"[[1,1024],[1024,4096]]",vllm/worker/model_runner.py:1234,6.5,9.8,4261.581,4265.581,0.72,0.38
0,FusedInferAttentionScore,"[[1,1024],[1024,4096]]",vllm/worker/model_runner.py:1234,6.5,9.8,2400.178,2404.178,0.72,0.38
0,RmsNorm,"[[1,1024],[1024,4096]]",vllm/worker/model_runner.py:1234,6.5,9.8,175.219,179.219,0.72,0.38
0,AllReduce,"[[1,1024],[1024,4096]]",vllm/worker/model_runner.py:1234,6.5,9.8,195,199,0.72,0.38
0,MatMulV2,"[[1,1024],[1024,4096]]",vllm/worker/model_runner.py:1234,6.5,9.8,3889.406,3893.406,0.72,0.38
0,FusedInferAttentionScore,"[[1,1024],[1024,4096]]",vllm/worker/model_runner.py:1234,6.5,9.8,2477.77,2481.77,0.72,0.38
0,RmsNorm,"[[1,1024],[1024,4096]]",vllm/worker/model_runner.py:1234,6.5,9.8,217.234,221.234,0.72,0.38
0,AllReduce,"[[1,1024],[1024,4096]]",vllm/worker/model_runner.py:1234,6.5,9.8,188.28,192.28,0.72,0.38
0,MatMulV2,"[[1,1024],[1024,4096]]",vllm/worker/model_runner.py:1234,6.5,9.8,4594.284,4598.284,0.72,0.38
0,FusedInferAttentionScore,"[[1,1024],[1024,4096]]",vllm/worker/model_runner.py:1234,6.5,9.8,2795.18,2799.18,0.72,0.38
0,RmsNorm,"[[1,1024],[1024,4096]]",vllm/worker/model_runner.py:1234,6.5,9.8,229.479,233.479,0.72,0.38
0,AllReduce,"[[1,1024],[1024,4096]]",vllm/worker/model_runner.py:1234,6.5,9.8,194.702,198.702,0.72,0.38
0,MatMulV2,"[[1,1024],[1024,4096]]",vllm/worker/model_runner.py:1234,6.5,9.8,4574.587,4578.587,0.72,0.38
0,FusedInferAttentionScore,"[[1,1024],[1024,4096]]",vllm/worker/model_runner.py:1234,6.5,9.8,2425.063,2429.063,0.72,0.38
0,RmsNorm,"[[1,1024],[1024,4096]]",vllm/worker/model_runner.py:1234,6.5,9.8,225.894,229.894,0.72,0.38
0,AllReduce,"[[1,1024],[1024,4096]]",vllm/worker/model_runner.py:1234,6.5,9.8,196.732,200.732,0.72,0.38
0,MatMulV2,"[[1,1024],[1024,4096]]",vllm/worker/model_runner.py:1234,6.5,9.8,4549.407,4553.407,0.72,0.38
0,FusedInferAttentionScore,"[[1,1024],[1024,4096]]",vllm/worker/model_runner.py:1234,6.5,9.8,2350.177,2354.177,0.72,0.38
0,RmsNorm,"[[1,1024],[1024,4096]]",vllm/worker/model_runner.py:1234,6.5,9.8,250.647,254.647,0.72,0.38
0,AllReduce,"[[1,1024],[1024,4096]]",vllm/worker/model_runner.py:1234,6.5,9.8,197.537,201.537,0.72,0.38
0,MatMulV2,"[[1,1024],[1024,4096]]",vllm/worker/model_runner.py:1234,6.5,9.8,4508.119,4512.119,0.72,0.38
0,FusedInferAttentionScore,"[[1,1024],[1024,4096]]",vllm/worker/model_runner.py:1234,6.5,9.8,2623.849,2627.849,0.72,0.38
0,RmsNorm,"[[1,1024],[1024,4096]]",vllm/worker/model_runner.py:1234,6.5,9.8,208.504,212.504,0.72,0.38
0,AllReduce,"[[1,1024],[1024,4096]]",vllm/worker/model_runner.py:1234,6.5,9.8,197.258,201.258,0.72,0.38
0,MatMulV2,"[[1,1024],[1024,4096]]",vllm/worker/model_runner.py:1234,6.5,9.8,3833.893,3837.893,0.72,0.38
0,FusedInferAttentionScore,"[[1,1024],[1024,4096]]",vllm/worker/model_runner.py:1234,6.5,9.8,2502.673,2506.673,0.72,0.38
0,RmsNorm,"[[1,1024],[1024,4096]]",vllm/worker/model_runner.py:1234,6.5,9.8,182.867,186.867,0.72,0.38
0,AllReduce,"[[1,1024],[1024,4096]]",vllm/worker/model_runner.py:1234,6.5,9.8,168.315,172.315,0.72,0.38
0,MatMulV2,"[[1,1024],[1024,4096]]",vllm/worker/model_runner.py:1234,6.5,9.8,4079.268,4083.268,0.72,0.38
0,FusedInferAttentionScore,"[[1,1024],[1024,4096]]",vllm/worker/model_runner.py:1234,6.5,9.8,2422.061,2426.061,0.72,0.38
0,RmsNorm,"[[1,1024],[1024,4096]]",vllm/worker/model_runner.py:1234,6.5,9.8,213.801,217.801,0.72,0.38
0,AllReduce,"[[1,1024],[1024,4096]]",vllm/worker/model_runner.py:1234,6.5,9.8,172.087,176.087,0.72,0.38
0,MatMulV2,"[[1,1024],[1024,4096]]",vllm/worker/model_runner.py:1234,6.5,9.8,3801.927,3805.927,0.72,0.38
0,FusedInferAttentionScore,"[[1,1024],[1024,4096]]",vllm/worker/model_runner.py:1234,6.5,9.8,2655.27,2659.27,0.72,0.38
0,RmsNorm,"[[1,1024],[1024,4096]]",vllm/worker/model_runner.py:1234,6.5,9.8,209.366,213.366,0.72,0.38
0,AllReduce,"[[1,1024],[1024,4096]]",vllm/worker/model_runner.py:1234,6.5,9.8,192.266,196.266,0.72,0.38
0,MatMulV2,"[[1,1024],[1024,4096]]",vllm/worker/model_runner.py:1234,6.5,9.8,4478.795,4482.795,0.72,0.38
0,FusedInferAttentionScore,"[[1,1024],[1024,4096]]",vllm/worker/model_runner.py:1234,6.5,9.8,2466.524,2470.524,0.72,0.38
0,RmsNorm,"[[1,1024],[1024,4096]]",vllm/worker/model_runner.py:1234,6.5,9.8,180.561,184.561,0.72,0.38
0,AllReduce,"[[1,1024],[1024,4096]]",vllm/worker/model_runner.py:1234,6.5,9.8,169.196,173.196,0.72,0.38
0,MatMulV2,"[[1,1024],[1024,4096]]",vllm/worker/model_runner.py:1234,6.5,9.8,3886.572,3890.572,0.72,0.38
0,FusedInferAttentionScore,"[[1,1024],[1024,4096]]",vllm/worker/model_runner.py:1234,6.5,9.8,2658.875,2662.875,0.72,0.38
0,RmsNorm,"[[1,1024],[1024,4096]]",vllm/worker/model_runner.py:1234,6.5,9.8,171.186,175.186,0.72,0.38
0,AllReduce,"[[1,1024],[1024,4096]]",vllm/worker/model_runner.py:1234,6.5,9.8,188.519,192.519,0.72,0.38
0,MatMulV2,"[[1,1024],[1024,4096]]",vllm/worker/model_runner.py:1234,6.5,9.8,3946.85,3950.85,0.72,0.38
0,FusedInferAttentionScore,"[[1,1024],[1024,4096]]",vllm/worker/model_runner.py:1234,6.5,9.8,2587.403,2591.403,0.72,0.38
0,RmsNorm,"[[1,1024],[1024,4096]]",vllm/worker/model_runner.py:1234,6.5,9.8,198.957,202.957,0.72,0.38
0,AllReduce,"[[1,1024],[1024,4096]]",vllm/worker/model_runner.py:1234,6.5,9.8,174.422,178.422,0.72,0.38
0,MatMulV2,"[[1,1024],[1024,4096]]",vllm/worker/model_runner.py:1234,6.5,9.8,3963.912,3967.912,0.72,0.38
0,FusedInferAttentionScore,"[[1,1024],[1024,4096]]",vllm/worker/model_runner.py:1234,6.5,9.8,2598.401,2602.401,0.72,0.38
0,RmsNorm,"[[1,1024],[1024,4096]]",vllm/worker/model_runner.py:1234,6.5,9.8,209.155,213.155,0.72,0.38
0,AllReduce,"[[1,1024],[1024,4096]]",vllm/worker/model_runner.py:1234,6.5,9.8,174.827,178.827,0.72,0.38
0,MatMulV2,"[[1,1024],[1024,4096]]",vllm/worker/model_runner.py:1234,6.5,9.8,4153.36,4157.36,0.72,0.38
0,FusedInferAttentionScore,"[[1,1024],[1024,4096]]",vllm/worker/model_runner.py:1234,6.5,9.8,2705.159,2709.159,0.72,0.38
0,RmsNorm,"[[1,1024],[1024,4096]]",vllm/worker/model_runner.py:1234,6.5,9.8,231.155,235.155,0.72,0.38
0,AllReduce,"[[1,1024],[1024,4096]]",vllm/worker/model_runner.py:1234,6.5,9.8,174.805,178.805,0.72,0.38
0,MatMulV2,"[[1,1024],[1024,4096]]",vllm/worker/model_runner.py:1234,6.5,9.8,4329.106,4333.106,0.72,0.38
0,FusedInferAttentionScore,"[[1,1024],[1024,4096]]",vllm/worker/model_runner.py:1234,6.5,9.8,2397.69,2401.69,0.72,0.38
0,RmsNorm,"[[1,1024],[1024,4096]]",vllm/worker/model_runner.py:1234,6.5,9.8,233.531,237.531,0.72,0.38
0,AllReduce,"[[1,1024],[1024,4096]]",vllm/worker/model_runner.py:1234,6.5,9.8,178.65,182.65,0.72,0.38
0,aclrtMemcpyAsync_D2H,"[[1,1024],[1024,4096]]",vllm/worker/model_runner.py:1234,6.5,9.8,60,64,0.72,0.38
0,MatMulV2,"[[1,1024],[1024,4096]]",vllm/worker/model_runner.py:1234,6.5,9.8,4320.364,4324.364,0.72,0.38
0,FusedInferAttentionScore,"[[1,1024],[1024,4096]]",vllm/worker/model_runner.py:1234,6.5,9.8,2655.022,2659.022,0.72,0.38
0,RmsNorm,"[[1,1024],[1024,4096]]",vllm/worker/model_runner.py:1234,6.5,9.8,181.255,185.255,0.72,0.38
0,AllReduce,"[[1,1024],[1024,4096]]",vllm/worker/model_runner.py:1234,6.5,9.8,190.886,194.886,0.72,0.38
0,MatMulV2,"[[1,1024],[1024,4096]]",vllm/worker/model_runner.py:1234,6.5,9.8,4222.552,4226.552,0.72,0.38
0,FusedInferAttentionScore,"[[1,1024],[1024,4096]]",vllm/worker/model_runner.py:1234,6.5,9.8,2775.708,2779.708,0.72,0.38
0,RmsNorm,"[[1,1024],[1024,4096]]",vllm/worker/model_runner.py:1234,6.5,9.8,241.677,245.677,0.72,0.38
0,AllReduce,"[[1,1024],[1024,4096]]",vllm/worker/model_runner.py:1234,6.5,9.8,188.496,192.496,0.72,0.38
0,MatMulV2,"[[1,1024],[1024,4096]]",vllm/worker/model_runner.py:1234,6.5,9.8,3795.065,3799.065,0.72,0.38
0,FusedInferAttentionScore,"[[1,1024],[1024,4096]]",vllm/worker/model_runner.py:1234,6.5,9.8,2527.864,2531.864,0.72,0.38
0,RmsNorm,"[[1,1024],[1024,4096]]",vllm/worker/model_runner.py:1234,6.5,9.8,194.351,198.351,0.72,0.38
0,AllReduce,"[[1,1024],[1024,4096]]",vllm/worker/model_runner.py:1234,6.5,9.8,187.359,191.359,0.72,0.38
0,MatMulV2,"[[1,1024],[1024,4096]]",vllm/worker/model_runner.py:1234,6.5,9.8,3920.335,3924.335,0.72,0.38
0,FusedInferAttentionScore,"[[1,1024],[1024,4096]]",vllm/worker/model_runner.py:1234,6.5,9.8,2733.548,2737.548,0.72,0.38
0,RmsNorm,"[[1,1024],[1024,4096]]",vllm/worker/model_runner.py:1234,6.5,9.8,218.069,222.069,0.72,0.38
0,AllReduce,"[[1,1024],[1024,4096]]",vllm/worker/model_runner.py:1234,6.5,9.8,168.909,172.909,0.72,0.38
0,MatMulV2,"[[1,1024],[1024,4096]]",vllm/worker/model_runner.py:1234,6.5,9.8,4546.54,4550.54,0.72,0.38
0,FusedInferAttentionScore,"[[1,1024],[1024,4096]]",vllm/worker/model_runner.py:1234,6.5,9.8,2541.206,2545.206,0.72,0.38
0,RmsNorm,"[[1,1024],[1024,4096]]",vllm/worker/model_runner.py:1234,6.5,9.8,179.374,183.374,0.72,0.38
0,AllReduce,"[[1,1024],[1024,4096]]",vllm/worker/model_runner.py:1234,6.5,9.8,196.479,200.479,0.72,0.38
0,MatMulV2,"[[1,1024],[1024,4096]]",vllm/worker/model_runner.py:1234,6.5,9.8,4252.064,4256.064,0.72,0.38
0,FusedInferAttentionScore,"[[1,1024],[1024,4096]]",vllm/worker/model_runner.py:1234,6.5,9.8,2729.403,2733.403,0.72,0.38
0,RmsNorm,"[[1,1024],[1024,4096]]",vllm/worker/model_runner.py:1234,6.5,9.8,204.771,208.771,0.72,0.38
0,AllReduce,"[[1,1024],[1024,4096]]",vllm/worker/model_runner.py:1234,6.5,9.8,177.727,181.727,0.72,0.38
0,MatMulV2,"[[1,1024],[1024,4096]]",vllm/worker/model_runner.py:1234,6.5,9.8,4594.851,4598.851,0.72,0.38
0,FusedInferAttentionScore,"[[1,1024],[1024,4096]]",vllm/worker/model_runner.py:1234,6.5,9.8,2537.473,2541.473,0.72,0.38
0,RmsNorm,"[[1,1024],[1024,4096]]",vllm/worker/model_runner.py:1234,6.5,9.8,217.46,221.46,0.72,0.38
0,AllReduce,"[[1,1024],[1024,4096]]",vllm/worker/model_runner.py:1234,6.5,9.8,175.95,179.95,0.72,0.38
0,MatMulV2,"[[1,1024],[1024,4096]]",vllm/worker/model_runner.py:1234,6.5,9.8,4139.759,4143.759,0.72,0.38
0,FusedInferAttentionScore,"[[1,1024],[1024,4096]]",vllm/worker/model_runner.py:1234,6.5,9.8,2608.699,2612.699,0.72,0.38
0,RmsNorm,"[[1,1024],[1024,4096]]",vllm/worker/model_runner.py:1234,6.5,9.8,172.403,176.403,0.72,0.38
0,AllReduce,"[[1,1024],[1024,4096]]",vllm/worker/model_runner.py:1234,6.5,9.8,166.118,170.118,0.72,0.38
0,MatMulV2,"[[1,1024],[1024,4096]]",vllm/worker/model_runner.py:1234,6.5,9.8,4227.046,4231.046,0.72,0.38
0,FusedInferAttentionScore,"[[1,1024],[1024,4096]]",vllm/worker/model_runner.py:1234,6.5,9.8,2841.67,2845.67,0.72,0.38
0,RmsNorm,"[[1,1024],[1024,4096]]",vllm/worker/model_runner.py:1234,6.5,9.8,224.535,228.535,0.72,0.38
0,AllReduce,"[[1,1024],[1024,4096]]",vllm/worker/model_runner.py:1234,6.5,9.8,192.414,196.414,0.72,0.38
0,MatMulV2,"[[1,1024],[1024,4096]]",vllm/worker/model_runner.py:1234,6.5,9.8,4235.122,4239.122,0.72,0.38
0,FusedInferAttentionScore,"[[1,1024],[1024,4096]]",vllm/worker/model_runner.py:1234,6.5,9.8,2795.415,2799.415,0.72,0.38
0,RmsNorm,"[[1,1024],[1024,4096]]",vllm/worker/model_runner.py:1234,6.5,9.8,169.93,173.93,0.72,0.38
0,AllReduce,"[[1,1024],[1024,4096]]",vllm/worker/model_runner.py:1234,6.5,9.8,165.118,169.118,0.72,0.38
0,MatMulV2,"[[1,1024],[1024,4096]]",vllm/worker/model_runner.py:1234,6.5,9.8,3780.672,3784.672,0.72,0.38
0,FusedInferAttentionScore,"[[1,1024],[1024,4096]]",vllm/worker/model_runner.py:1234,6.5,9.8,2543.96,2547.96,0.72,0.38
0,RmsNorm,"[[1,1024],[1024,4096]]",vllm/worker/model_runner.py:1234,6.5,9.8,208.737,212.737,0.72,0.38
0,AllReduce,"[[1,1024],[1024,4096]]",vllm/worker/model_runner.py:1234,6.5,9.8,163.623,167.623,0.72,0.38
0,MatMulV2,"[[1,1024],[1024,4096]]",vllm/worker/model_runner.py:1234,6.5,9.8,4309.299,4313.299,0.72,0.38
0,FusedInferAttentionScore,"[[1,1024],[1024,4096]]",vllm/worker/model_runner.py:1234,6.5,9.8,2525.918,2529.918,0.72,0.38
0,RmsNorm,"[[1,1024],[1024,4096]]",vllm/worker/model_runner.py:1234,6.5,9.8,227.701,231.701,0.72,0.38
0,AllReduce,"[[1,1024],[1024,4096]]",vllm/worker/model_runner.py:1234,6.5,9.8,177.42,181.42,0.72,0.38
0,MatMulV2,"[[1,1024],[1024,4096]]",vllm/worker/model_runner.py:1234,6.5,9.8,4419.791,4423.791,0.72,0.38
0,FusedInferAttentionScore,"[[1,1024],[1024,4096]]",vllm/worker/model_runner.py:1234,6.5,9.8,2624.745,2628.745,0.72,0.38
0,RmsNorm,"[[1,1024],[1024,4096]]",vllm/worker/model_runner.py:1234,6.5,9.8,197.075,201.075,0.72,0.38
0,AllReduce,"[[1,1024],[1024,4096]]",vllm/worker/model_runner.py:1234,6.5,9.8,169.847,173.847,0.72,0.38
0,MatMulV2,"[[1,1024],[1024,4096]]",vllm/worker/model_runner.py:1234,6.5,9.8,4475.15,4479.15,0.72,0.38
0,FusedInferAttentionScore,"[[1,1024],[1024,4096]]",vllm/worker/model_runner.py:1234,6.5,9.8,2405.287,2409.287,0.72,0.38
0,RmsNorm,"[[1,1024],[1024,4096]]",vllm/worker/model_runner.py:1234,6.5,9.8,181.739,185.739,0.72,0.38
0,AllReduce,"[[1,1024],[1024,4096]]",vllm/worker/model_runner.py:1234,6.5,9.8,170.416,174.416,0.72,0.38
0,MatMulV2,"[[1,1024],[1024,4096]]",vllm/worker/model_runner.py:1234,6.5,9.8,4343.501,4347.501,0.72,0.38
0,FusedInferAttentionScore,"[[1,1024],[1024,4096]]",vllm/worker/model_runner.py:1234,6.5,9.8,2482.238,2486.238,0.72,0.38
0,RmsNorm,"[[1,1024],[1024,4096]]",vllm/worker/model_runner.py:1234,6.5,9.8,251.343,255.343,0.72,0.38
0,AllReduce,"[[1,1024],[1024,4096]]",vllm/worker/model_runner.py:1234,6.5,9.8,182.543,186.543,0.72,0.38
0,MatMulV2,"[[1,1024],[1024,4096]]",vllm/worker/model_runner.py:1234,6.5,9.8,4362.011,4366.011,0.72,0.38
0,FusedInferAttentionScore,"[[1,1024],[1024,4096]]",vllm/worker/model_runner.py:1234,6.5,9.8,2446.142,2450.142,0.72,0.38
0,RmsNorm,"[[1,1024],[1024,4096]]",vllm/worker/model_runner.py:1234,6.5,9.8,175.278,179.278,0.72,0.38
0,AllReduce,"[[1,1024],[1024,4096]]",vllm/worker/model_runner.py:1234,6.5,9.8,170.48,174.48,0.72,0.38
0,MatMulV2,"[[1,1024],[1024,4096]]",vllm/worker/model_runner.py:1234,6.5,9.8,3866.942,3870.942,0.72,0.38
0,FusedInferAttentionScore,"[[1,1024],[1024,4096]]",vllm/worker/model_runner.py:1234,6.5,9.8,2342.55,2346.55,0.72,0.38
0,RmsNorm,"[[1,1024],[1024,4096]]",vllm/worker/model_runner.py:1234,6.5,9.8,237.289,241.289,0.72,0.38
0,AllReduce,"[[1,1024],[1024,4096]]",vllm/worker/model_runner.py:1234,6.5,9.8,182.266,186.266,0.72,0.38
0,MatMulV2,"[[1,1024],[1024,4096]]",vllm/worker/model_runner.py:1234,6.5,9.8,4442.959,4446.959,0.72,0.38
0,FusedInferAttentionScore,"[[1,1024],[1024,4096]]",vllm/worker/model_runner.py:1234,6.5,9.8,2349.976,2353.976,0.72,0.38
0,RmsNorm,"[[1,1024],[1024,4096]]",vllm/worker/model_runner.py:1234,6.5,9.8,241.553,245.553,0.72,0.38
0,AllReduce,"[[1,1024],[1024,4096]]",vllm/worker/model_runner.py:1234,6.5,9.8,170.514,174.514,0.72,0.38
0,MatMulV2,"[[1,1024],[1024,4096]]",vllm/worker/model_runner.py:1234,6.5,9.8,4254.82,4258.82,0.72,0.38
0,FusedInferAttentionScore,"[[1,1024],[1024,4096]]",vllm/worker/model_runner.py:1234,6.5,9.8,2712.26,2716.26,0.72,0.38
0,RmsNorm,"[[1,1024],[1024,4096]]",vllm/worker/model_runner.py:1234,6.5,9.8,187.022,191.022,0.72,0.38
0,AllReduce,"[[1,1024],[1024,4096]]",vllm/worker/model_runner.py:1234,6.5,9.8,197.835,201.835,0.72,0.38
0,MatMulV2,"[[1,1024],[1024,4096]]",vllm/worker/model_runner.py:1234,6.5,9.8,4474.581,4478.581,0.72,0.38
0,FusedInferAttentionScore,"[[1,1024],[1024,4096]]",vllm/worker/model_runner.py:1234,6.5,9.8,2470.975,2474.975,0.72,0.38
0,RmsNorm,"[[1,1024],[1024,4096]]",vllm/worker/model_runner.py:1234,6.5,9.8,227.842,231.842,0.72,0.38
0,AllReduce,"[[1,1024],[1024,4096]]",vllm/worker/model_runner.py:1234,6.5,9.8,174.73,178.73,0.72,0.38
0,MatMulV2,"[[1,1024],[1024,4096]]",vllm/worker/model_runner.py:1234,6.5,9.8,4507.421,4511.421,0.72,0.38
0,FusedInferAttentionScore,"[[1,1024],[1024,4096]]",vllm/worker/model_runner.py:1234,6.5,9.8,2433.496,2437.496,0.72,0.38
0,RmsNorm,"[[1,1024],[1024,4096]]",vllm/worker/model_runner.py:1234,6.5,9.8,246.68,250.68,0.72,0.38
0,AllReduce,"[[1,1024],[1024,4096]]",vllm/worker/model_runner.py:1234,6.5,9.8,194.743,198.743,0.72,0.38
0,MatMulV2,"[[1,1024],[1024,4096]]",vllm/worker/model_runner.py:1234,6.5,9.8,4089.238,4093.238,0.72,0.38
0,FusedInferAttentionScore,"[[1,1024],[1024,4096]]",vllm/worker/model_runner.py:1234,6.5,9.8,2342.354,2346.354,0.72,0.38
0,RmsNorm,"[[1,1024],[1024,4096]]",vllm/worker/model_runner.py:1234,6.5,9.8,228.748,232.748,0.72,0.38
0,AllReduce,"[[1,1024],[1024,4096]]",vllm/worker/model_runner.py:1234,6.5,9.8,164.697,168.697,0.72,0.38
0,MatMulV2,"[[1,1024],[1024,4096]]",vllm/worker/model_runner.py:1234,6.5,9.8,4499.122,4503.122,0.72,0.38
0,FusedInferAttentionScore,"[[1,1024],[1024,4096]]",vllm/worker/model_runner.py:1234,6.5,9.8,2621.515,2625.515,0.72,0.38
0,RmsNorm,"[[1,1024],[1024,4096]]",vllm/worker/model_runner.py:1234,6.5,9.8,209.346,213.346,0.72,0.38
0,AllReduce,"[[1,1024],[1024,4096]]",vllm/worker/model_runner.py:1234,6.5,9.8,172.828,176.828,0.72,0.38
0,MatMulV2,"[[1,1024],[1024,4096]]",vllm/worker/model_runner.py:1234,6.5,9.8,3859.831,3863.831,0.72,0.38
0,FusedInferAttentionScore,"[[1,1024],[1024,4096]]",vllm/worker/model_runner.py:1234,6.5,9.8,2485.182,2489.182,0.72,0.38
0,RmsNorm,"[[1,1024],[1024,4096]]",vllm/worker/model_runner.py:1234,6.5,9.8,184.745,188.745,0.72,0.38
0,AllReduce,"[[1,1024],[1024,4096]]",vllm/worker/model_runner.py:1234,6.5,9.8,166.623,170.623,0.72,0.38
0,MatMulV2,"[[1,1024],[1024,4096]]",vllm/worker/model_runner.py:1234,6.5,9.8,4389.411,4393.411,0.72,0.38
0,FusedInferAttentionScore,"[[1,1024],[1024,4096]]",vllm/worker/model_runner.py:1234,6.5,9.8,2444.779,2448.779,0.72,0.38
0,RmsNorm,"[[1,1024],[1024,4096]]",vllm/worker/model_runner.py:1234,6.5,9.8,229.207,233.207,0.72,0.38
0,AllReduce,"[[1,1024],[1024,4096]]",vllm/worker/model_runner.py:1234,6.5,9.8,185.18,189.18,0.72,0.38
0,MatMulV2,"[[1,1024],[1024,4096]]",vllm/worker/model_runner.py:1234,6.5,9.8,4317.064,4321.064,0.72,0.38
0,FusedInferAttentionScore,"[[1,1024],[1024,4096]]",vllm/worker/model_runner.py:1234,6.5,9.8,2739.708,2743.708,0.72,0.38
0,RmsNorm,"[[1,1024],[1024,4096]]",vllm/worker/model_runner.py:1234,6.5,9.8,241.965,245.965,0.72,0.38
0,AllReduce,"[[1,1024],[1024,4096]]",vllm/worker/model_runner.py:1234,6.5,9.8,167.897,171.897,0.72,0.38
0,MatMulV2,"[[1,1024],[1024,4096]]",vllm/worker/model_runner.py:1234,6.5,9.8,4506.403,4510.403,0.72,0.38
0,FusedInferAttentionScore,"[[1,1024],[1024,4096]]",vllm/worker/model_runner.py:1234,6.5,9.8,2347.533,2351.533,0.72,0.38
0,RmsNorm,"[[1,1024],[1024,4096]]",vllm/worker/model_runner.py:1234,6.5,9.8,196.973,200.973,0.72,0.38
0,AllReduce,"[[1,1024],[1024,4096]]",vllm/worker/model_runner.py:1234,6.5,9.8,170.31,174.31,0.72,0.38
0,MatMulV2,"[[1,1024],[1024,4096]]",vllm/worker/model_runner.py:1234,6.5,9.8,4599.213,4603.213,0.72,0.38
0,FusedInferAttentionScore,"[[1,1024],[1024,4096]]",vllm/worker/model_runner.py:1234,6.5,9.8,2839.193,2843.193,0.72,0.38
0,RmsNorm,"[[1,1024],[1024,4096]]",vllm/worker/model_runner.py:1234,6.5,9.8,193.236,197.236,0.72,0.38
0,AllReduce,"[[1,1024],[1024,4096]]",vllm/worker/model_runner.py:1234,6.5,9.8,170.88,174.88,0.72,0.38
0,MatMulV2,"[[1,1024],[1024,4096]]",vllm/worker/model_runner.py:1234,6.5,9.8,4022.851,4026.851,0.72,0.38
0,FusedInferAttentionScore,"[[1,1024],[1024,4096]]",vllm/worker/model_runner.py:1234,6.5,9.8,2754.886,2758.886,0.72,0.38
0,RmsNorm,"[[1,1024],[1024,4096]]",vllm/worker/model_runner.py:1234,6.5,9.8,212.537,216.537,0.72,0.38
0,AllReduce,"[[1,1024],[1024,4096]]",vllm/worker/model_runner.py:1234,6.5,9.8,173.561,177.561,0.72,0.38
0,MatMulV2,"[[1,1024],[1024,4096]]",vllm/worker/model_runner.py:1234,6.5,9.8,4094.392,4098.392,0.72,0.38
0,FusedInferAttentionScore,"[[1,1024],[1024,4096]]",vllm/worker/model_runner.py:1234,6.5,9.8,2626.237,2630.237,0.72,0.38
0,RmsNorm,"[[1,1024],[1024,4096]]",vllm/worker/model_runner.py:1234,6.5,9.8,184.37,188.37,0.72,0.38
0,AllReduce,"[[1,1024],[1024,4096]]",vllm/worker/model_runner.py:1234,6.5,9.8,167.939,171.939,0.72,0.38
0,MatMulV2,"[[1,1024],[1024,4096]]",vllm/worker/model_runner.py:1234,6.5,9.8,4304.669,4308.669,0.72,0.38
0,FusedInferAttentionScore,"[[1,1024],[1024,4096]]",vllm/worker/model_runner.py:1234,6.5,9.8,2420.384,2424.384,0.72,0.38
0,RmsNorm,"[[1,1024],[1024,4096]]",vllm/worker/model_runner.py:1234,6.5,9.8,222.891,226.891,0.72,0.38
0,AllReduce,"[[1,1024],[1024,4096]]",vllm/worker/model_runner.py:1234,6.5,9.8,165.775,169.775,0.72,0.38
0,MatMulV2,"[[1,1024],[1024,4096]]",vllm/worker/model_runner.py:1234,6.5,9.8,3861.933,3865.933,0.72,0.38
0,FusedInferAttentionScore,"[[1,1024],[1024,4096]]",vllm/worker/model_runner.py:1234,6.5,9.8,2745.74,2749.74,0.72,0.38
0,RmsNorm,"[[1,1024],[1024,4096]]",vllm/worker/model_runner.py:1234,6.5,9.8,232.375,236.375,0.72,0.38
0,AllReduce,"[[1,1024],[1024,4096]]",vllm/worker/model_runner.py:1234,6.5,9.8,175.809,179.809,0.72,0.38
0,aclrtMemcpyAsync_D2H,"[[1,1024],[1024,4096]]",vllm/worker/model_runner.py:1234,6.5,9.8,60,64,0.72,0.38
0,MatMulV2,"[[1,1024],[1024,4096]]",vllm/worker/model_runner.py:1234,6.5,9.8,4613.27,4617.27,0.72,0.38
0,FusedInferAttentionScore,"[[1,1024],[1024,4096]]",vllm/worker/model_runner.py:1234,6.5,9.8,2423.907,2427.907,0.72,0.38
0,RmsNorm,"[[1,1024],[1024,4096]]",vllm/worker/model_runner.py:1234,6.5,9.8,177.304,181.304,0.72,0.38
0,AllReduce,"[[1,1024],[1024,4096]]",vllm/worker/model_runner.py:1234,6.5,9.8,164.922,168.922,0.72,0.38
0,MatMulV2,"[[1,1024],[1024,4096]]",vllm/worker/model_runner.py:1234,6.5,9.8,4387.485,4391.485,0.72,0.38
0,FusedInferAttentionScore,"[[1,1024],[1024,4096]]",vllm/worker/model_runner.py:1234,6.5,9.8,2855.965,2859.965,0.72,0.38
0,RmsNorm,"[[1,1024],[1024,4096]]",vllm/worker/model_runner.py:1234,6.5,9.8,190.896,194.896,0.72,0.38
0,AllReduce,"[[1,1024],[1024,4096]]",vllm/worker/model_runner.py:1234,6.5,9.8,197.072,201.072,0.72,0.38
0,MatMulV2,"[[1,1024],[1024,4096]]",vllm/worker/model_runner.py:1234,6.5,9.8,4479.586,4483.586,0.72,0.38
0,FusedInferAttentionScore,"[[1,1024],[1024,4096]]",vllm/worker/model_runner.py:1234,6.5,9.8,2531.775,2535.775,0.72,0.38
0,RmsNorm,"[[1,1024],[1024,4096]]",vllm/worker/model_runner.py:1234,6.5,9.8,190.163,194.163,0.72,0.38
0,AllReduce,"[[1,1024],[1024,4096]]",vllm/worker/model_runner.py:1234,6.5,9.8,197.398,201.398,0.72,0.38
0,MatMulV2,"[[1,1024],[1024,4096]]",vllm/worker/model_runner.py:1234,6.5,9.8,4437.783,4441.783,0.72,0.38
0,FusedInferAttentionScore,"[[1,1024],[1024,4096]]",vllm/worker/model_runner.py:1234,6.5,9.8,2364.158,2368.158,0.72,0.38
0,RmsNorm,"[[1,1024],[1024,4096]]",vllm/worker/model_runner.py:1234,6.5,9.8,225.476,229.476,0.72,0.38
0,AllReduce,"[[1,1024],[1024,4096]]",vllm/worker/model_runner.py:1234,6.5,9.8,192.444,196.444,0.72,0.38
0,MatMulV2,"[[1,1024],[1024,4096]]",vllm/worker/model_runner.py:1234,6.5,9.8,4590.506,4594.506,0.72,0.38
0,FusedInferAttentionScore,"[[1,1024],[1024,4096]]",vllm/worker/model_runner.py:1234,6.5,9.8,2804.165,2808.165,0.72,0.38
0,RmsNorm,"[[1,1024],[1024,4096]]",vllm/worker/model_runner.py:1234,6.5,9.8,174.022,178.022,0.72,0.38
0,AllReduce,"[[1,1024],[1024,4096]]",vllm/worker/model_runner.py:1234,6.5,9.8,189.638,193.638,0.72,0.38
0,MatMulV2,"[[1,1024],[1024,4096]]",vllm/worker/model_runner.py:1234,6.5,9.8,4111.754,4115.754,0.72,0.38
0,FusedInferAttentionScore,"[[1,1024],[1024,4096]]",vllm/worker/model_runner.py:1234,6.5,9.8,2750.462,2754.462,0.72,0.38
0,RmsNorm,"[[1,1024],[1024,4096]]",vllm/worker/model_runner.py:1234,6.5,9.8,218.868,222.868,0.72,0.38
0,AllReduce,"[[1,1024],[1024,4096]]",vllm/worker/model_runner.py:1234,6.5,9.8,167.753,171.753,0.72,0.38
0,MatMulV2,"[[1,1024],[1024,4096]]",vllm/worker/model_runner.py:1234,6.5,9.8,4612.882,4616.882,0.72,0.38
0,FusedInferAttentionScore,"[[1,1024],[1024,4096]]",vllm/worker/model_runner.py:1234,6.5,9.8,2633.428,2637.428,0.72,0.38
0,RmsNorm,"[[1,1024],[1024,4096]]",vllm/worker/model_runner.py:1234,6.5,9.8,224.957,228.957,0.72,0.38
0,AllReduce,"[[1,1024],[1024,4096]]",vllm/worker/model_runner.py:1234,6.5,9.8,167.681,171.681,0.72,0.38
0,MatMulV2,"[[1,1024],[1024,4096]]",vllm/worker/model_runner.py:1234,6.5,9.8,4258.962,4262.962,0.72,0.38
0,FusedInferAttentionScore,"[[1,1024],[1024,4096]]",vllm/worker/model_runner.py:1234,6.5,9.8,2744.614,2748.614,0.72,0.38
0,RmsNorm,"[[1,1024],[1024,4096]]",vllm/worker/model_runner.py:1234,6.5,9.8,176.339,180.339,0.72,0.38
0,AllReduce,"[[1,1024],[1024,4096]]",vllm/worker/model_runner.py:1234,6.5,9.8,193.806,197.806,0.72,0.38
0,MatMulV2,"[[1,1024],[1024,4096]]",vllm/worker/model_runner.py:1234,6.5,9.8,4577.836,4581.836,0.72,0.38
0,FusedInferAttentionScore,"[[1,1024],[1024,4096]]",vllm/worker/model_runner.py:1234,6.5,9.8,2572.174,2576.174,0.72,0.38
0,RmsNorm,"[[1,1024],[1024,4096]]",vllm/worker/model_runner.py:1234,6.5,9.8,247.955,251.955,0.72,0.38
0,AllReduce,"[[1,1024],[1024,4096]]",vllm/worker/model_runner.py:1234,6.5,9.8,185.316,189.316,0.72,0.38
0,MatMulV2,"[[1,1024],[1024,4096]]",vllm/worker/model_runner.py:1234,6.5,9.8,4459.997,4463.997,0.72,0.38
0,FusedInferAttentionScore,"[[1,1024],[1024,4096]]",vllm/worker/model_runner.py:1234,6.5,9.8,2352.896,2356.896,0.72,0.38
0,RmsNorm,"[[1,1024],[1024,4096]]",vllm/worker/model_runner.py:1234,6.5,9.8,198.28,202.28,0.72,0.38
0,AllReduce,"[[1,1024],[1024,4096]]",vllm/worker/model_runner.py:1234,6.5,9.8,181.742,185.742,0.72,0.38
0,MatMulV2,"[[1,1024],[1024,4096]]",vllm/worker/model_runner.py:1234,6.5,9.8,3937.401,3941.401,0.72,0.38
0,FusedInferAttentionScore,"[[1,1024],[1024,4096]]",vllm/worker/model_runner.py:1234,6.5,9.8,2461.468,2465.468,0.72,0.38
0,RmsNorm,"[[1,1024],[1024,4096]]",vllm/worker/model_runner.py:1234,6.5,9.8,226.147,230.147,0.72,0.38
0,AllReduce,"[[1,1024],[1024,4096]]",vllm/worker/model_runner.py:1234,6.5,9.8,168.057,172.057,0.72,0.38
0,MatMulV2,"[[1,1024],[1024,4096]]",vllm/worker/model_runner.py:1234,6.5,9.8,4419.369,4423.369,0.72,0.38
0,FusedInferAttentionScore,"[[1,1024],[1024,4096]]",vllm/worker/model_runner.py:1234,6.5,9.8,2627.585,2631.585,0.72,0.38
0,RmsNorm,"[[1,1024],[1024,4096]]",vllm/worker/model_runner.py:1234,6.5,9.8,248.053,252.053,0.72,0.38
0,AllReduce,"[[1,1024],[1024,4096]]",vllm/worker/model_runner.py:1234,6.5,9.8,173.632,177.632,0.72,0.38
0,MatMulV2,"[[1,1024],[1024,4096]]",vllm/worker/model_runner.py:1234,6.5,9.8,4033.662,4037.662,0.72,0.38
0,FusedInferAttentionScore,"[[1,1024],[1024,4096]]",vllm/worker/model_runner.py:1234,6.5,9.8,2581.541,2585.541,0.72,0.38
0,RmsNorm,"[[1,1024],[1024,4096]]",vllm/worker/model_runner.py:1234,6.5,9.8,201.276,205.276,0.72,0.38
0,AllReduce,"[[1,1024],[1024,4096]]",vllm/worker/model_runner.py:1234,6.5,9.8,164.37,168.37,0.72,0.38
0,MatMulV2,"[[1,1024],[1024,4096]]",vllm/worker/model_runner.py:1234,6.5,9.8,4570.896,4574.896,0.72,0.38
0,FusedInferAttentionScore,"[[1,1024],[1024,4096]]",vllm/worker/model_runner.py:1234,6.5,9.8,2738.915,2742.915,0.72,0.38
0,RmsNorm,"[[1,1024],[1024,4096]]",vllm/worker/model_runner.py:1234,6.5,9.8,219.092,223.092,0.72,0.38
0,AllReduce,"[[1,1024],[1024,4096]]",vllm/worker/model_runner.py:1234,6.5,9.8,176.331,180.331,0.72,0.38
0,MatMulV2,"[[1,1024],[1024,4096]]",vllm/worker/model_runner.py:1234,6.5,9.8,3900.393,3904.393,0.72,0.38
0,FusedInferAttentionScore,"[[1,1024],[1024,4096]]",vllm/worker/model_runner.py:1234,6.5,9.8,2624.99,2628.99,0.72,0.38
0,RmsNorm,"[[1,1024],[1024,4096]]",vllm/worker/model_runner.py:1234,6.5,9.8,217.431,221.431,0.72,0.38
0,AllReduce,"[[1,1024],[1024,4096]]",vllm/worker/model_runner.py:1234,6.5,9.8,176.152,180.152,0.72,0.38
0,MatMulV2,"[[1,1024],[1024,4096]]",vllm/worker/model_runner.py:1234,6.5,9.8,4215.599,4219.599,0.72,0.38
0,FusedInferAttentionScore,"[[1,1024],[1024,4096]]",vllm/worker/model_runner.py:1234,6.5,9.8,2669.521,2673.521,0.72,0.38
0,RmsNorm,"[[1,1024],[1024,4096]]",vllm/worker/model_runner.py:1234,6.5,9.8,217.258,221.258,0.72,0.38
0,AllReduce,"[[1,1024],[1024,4096]]",vllm/worker/model_runner.py:1234,6.5,9.8,186.583,190.583,0.72,0.38
0,MatMulV2,"[[1,1024],[1024,4096]]",vllm/worker/model_runner.py:1234,6.5,9.8,4517.204,4521.204,0.72,0.38
0,FusedInferAttentionScore,"[[1,1024],[1024,4096]]",vllm/worker/model_runner.py:1234,6.5,9.8,2652.479,2656.479,0.72,0.38
0,RmsNorm,"[[1,1024],[1024,4096]]",vllm/worker/model_runner.py:1234,6.5,9.8,228.02,232.02,0.72,0.38
0,AllReduce,"[[1,1024],[1024,4096]]",vllm/worker/model_runner.py:1234,6.5,9.8,180.452,184.452,0.72,0.38
0,MatMulV2,"[[1,1024],[1024,4096]]",vllm/worker/model_runner.py:1234,6.5,9.8,3912.084,3916.084,0.72,0.38
0,FusedInferAttentionScore,"[[1,1024],[1024,4096]]",vllm/worker/model_runner.py:1234,6.5,9.8,2691.397,2695.397,0.72,0.38
0,RmsNorm,"[[1,1024],[1024,4096]]",vllm/worker/model_runner.py:1234,6.5,9.8,218.438,222.438,0.72,0.38
0,AllReduce,"[[1,1024],[1024,4096]]",vllm/worker/model_runner.py:1234,6.5,9.8,191.365,195.365,0.72,0.38
0,MatMulV2,"[[1,1024],[1024,4096]]",vllm/worker/model_runner.py:1234,6.5,9.8,3876.177,3880.177,0.72,0.38
0,FusedInferAttentionScore,"[[1,1024],[1024,4096]]",vllm/worker/model_runner.py:1234,6.5,9.8,2390.945,2394.945,0.72,0.38
0,RmsNorm,"[[1,1024],[1024,4096]]",vllm/worker/model_runner.py:1234,6.5,9.8,217.996,221.996,0.72,0.38
0,AllReduce,"[[1,1024],[1024,4096]]",vllm/worker/model_runner.py:1234,6.5,9.8,162.454,166.454,0.72,0.38
0,MatMulV2,"[[1,1024],[1024,4096]]",vllm/worker/model_runner.py:1234,6.5,9.8,4559.442,4563.442,0.72,0.38
0,FusedInferAttentionScore,"[[1,1024],[1024,4096]]",vllm/worker/model_runner.py:1234,6.5,9.8,2745.349,2749.349,0.72,0.38
0,RmsNorm,"[[1,1024],[1024,4096]]",vllm/worker/model_runner.py:1234,6.5,9.8,193.397,197.397,0.72,0.38
0,AllReduce,"[[1,1024],[1024,4096]]",vllm/worker/model_runner.py:1234,6.5,9.8,179.496,183.496,0.72,0.38
0,MatMulV2,"[[1,1024],[1024,4096]]",vllm/worker/model_runner.py:1234,6.5,9.8,3861.006,3865.006,0.72,0.38
0,FusedInferAttentionScore,"[[1,1024],[1024,4096]]",vllm/worker/model_runner.py:1234,6.5,9.8,2514.299,2518.299,0.72,0.38
0,RmsNorm,"[[1,1024],[1024,4096]]",vllm/worker/model_runner.py:1234,6.5,9.8,205.336,209.336,0.72,0.38
0,AllReduce,"[[1,1024],[1024,4096]]",vllm/worker/model_runner.py:1234,6.5,9.8,195.7,199.7,0.72,0.38
0,MatMulV2,"[[1,1024],[1024,4096]]",vllm/worker/model_runner.py:1234,6.5,9.8,4012.634,4016.634,0.72,0.38
0,FusedInferAttentionScore,"[[1,1024],[1024,4096]]",vllm/worker/model_runner.py:1234,6.5,9.8,2762.945,2766.945,0.72,0.38
0,RmsNorm,"[[1,1024],[1024,4096]]",vllm/worker/model_runner.py:1234,6.5,9.8,195.878,199.878,0.72,0.38
0,AllReduce,"[[1,1024],[1024,4096]]",vllm/worker/model_runner.py:1234,6.5,9.8,164.486,168.486,0.72,0.38
0,MatMulV2,"[[1,1024],[1024,4096]]",vllm/worker/model_runner.py:1234,6.5,9.8,4578.642,4582.642,0.72,0.38
0,FusedInferAttentionScore,"[[1,1024],[1024,4096]]",vllm/worker/model_runner.py:1234,6.5,9.8,2706.632,2710.632,0.72,0.38
0,RmsNorm,"[[1,1024],[1024,4096]]",vllm/worker/model_runner.py:1234,6.5,9.8,205.766,209.766,0.72,0.38
0,AllReduce,"[[1,1024],[1024,4096]]",vllm/worker/model_runner.py:1234,6.5,9.8,173.566,177.566,0.72,0.38
0,MatMulV2,"[[1,1024],[1024,4096]]",vllm/worker/model_runner.py:1234,6.5,9.8,3830.384,3834.384,0.72,0.38
0,FusedInferAttentionScore,"[[1,1024],[1024,4096]]",vllm/worker/model_runner.py:1234,6.5,9.8,2370.973,2374.973,0.72,0.38
0,RmsNorm,"[[1,1024],[1024,4096]]",vllm/worker/model_runner.py:1234,6.5,9.8,245.96,249.96,0.72,0.38
0,AllReduce,"[[1,1024],[1024,4096]]",vllm/worker/model_runner.py:1234,6.5,9.8,182.636,186.636,0.72,0.38
0,MatMulV2,"[[1,1024],[1024,4096]]",vllm/worker/model_runner.py:1234,6.5,9.8,3783.43,3787.43,0.72,0.38
0,FusedInferAttentionScore,"[[1,1024],[1024,4096]]",vllm/worker/model_runner.py:1234,6.5,9.8,2747.914,2751.914,0.72,0.38
0,RmsNorm,"[[1,1024],[1024,4096]]",vllm/worker/model_runner.py:1234,6.5,9.8,244.737,248.737,0.72,0.38
0,AllReduce,"[[1,1024],[1024,4096]]",vllm/worker/model_runner.py:1234,6.5,9.8,163.992,167.992,0.72,0.38
0,MatMulV2,"[[1,1024],[1024,4096]]",vllm/worker/model_runner.py:1234,6.5,9.8,4315.568,4319.568,0.72,0.38
0,FusedInferAttentionScore,"[[1,1024],[1024,4096]]",vllm/worker/model_runner.py:1234,6.5,9.8,2578.389,2582.389,0.72,0.38
0,RmsNorm,"[[1,1024],[1024,4096]]",vllm/worker/model_runner.py:1234,6.5,9.8,176.649,180.649,0.72,0.38
0,AllReduce,"[[1,1024],[1024,4096]]",vllm/worker/model_runner.py:1234,6.5,9.8,194.391,198.391,0.72,0.38
0,MatMulV2,"[[1,1024],[1024,4096]]",vllm/worker/model_runner.py:1234,6.5,9.8,3913.75,3917.75,0.72,0.38
0,FusedInferAttentionScore,"[[1,1024],[1024,4096]]",vllm/worker/model_runner.py:1234,6.5,9.8,2462.203,2466.203,0.72,0.38
0,RmsNorm,"[[1,1024],[1024,4096]]",vllm/worker/model_runner.py:1234,6.5,9.8,248.654,252.654,0.72,0.38
0,AllReduce,"[[1,1024],[1024,4096]]",vllm/worker/model_runner.py:1234,6.5,9.8,163.455,167.455,0.72,0.38
0,MatMulV2,"[[1,1024],[1024,4096]]",vllm/worker/model_runner.py:1234,6.5,9.8,3808.106,3812.106,0.72,0.38
0,FusedInferAttentionScore,"[[1,1024],[1024,4096]]",vllm/worker/model_runner.py:1234,6.5,9.8,2685.773,2689.773,0.72,0.38
0,RmsNorm,"[[1,1024],[1024,4096]]",vllm/worker/model_runner.py:1234,6.5,9.8,199.74,203.74,0.72,0.38
0,AllReduce,"[[1,1024],[1024,4096]]",vllm/worker/model_runner.py:1234,6.5,9.8,176.942,180.942,0.72,0.38
0,MatMulV2,"[[1,1024],[1024,4096]]",vllm/worker/model_runner.py:1234,6.5,9.8,4061.158,4065.158,0.72,0.38
0,FusedInferAttentionScore,"[[1,1024],[1024,4096]]",vllm/worker/model_runner.py:1234,6.5,9.8,2608.341,2612.341,0.72,0.38
0,RmsNorm,"[[1,1024],[1024,4096]]",vllm/worker/model_runner.py:1234,6.5,9.8,235.349,239.349,0.72,0.38
0,AllReduce,"[[1,1024],[1024,4096]]",vllm/worker/model_runner.py:1234,6.5,9.8,186.195,190.195,0.72,0.38
0,MatMulV2,"[[1,1024],[1024,4096]]",vllm/worker/model_runner.py:1234,6.5,9.8,3910.351,3914.351,0.72,0.38
0,FusedInferAttentionScore,"[[1,1024],[1024,4096]]",vllm/worker/model_runner.py:1234,6.5,9.8,2817.284,2821.284,0.72,0.38
0,RmsNorm,"[[1,1024],[1024,4096]]",vllm/worker/model_runner.py:1234,6.5,9.8,174.912,178.912,0.72,0.38
0,AllReduce,"[[1,1024],[1024,4096]]",vllm/worker/model_runner.py:1234,6.5,9.8,192.075,196.075,0.72,0.38
0,MatMulV2,"[[1,1024],[1024,4096]]",vllm/worker/model_runner.py:1234,6.5,9.8,4592.029,4596.029,0.72,0.38
0,FusedInferAttentionScore,"[[1,1024],[1024,4096]]",vllm/worker/model_runner.py:1234,6.5,9.8,2553.162,2557.162,0.72,0.38
0,RmsNorm,"[[1,1024],[1024,4096]]",vllm/worker/model_runner.py:1234,6.5,9.8,215.811,219.811,0.72,0.38
0,AllReduce,"[[1,1024],[1024,4096]]",vllm/worker/model_runner.py:1234,6.5,9.8,184.697,188.697,0.72,0.38
